name,gene_product,complex_annotation,localization,go_terms,localization_group
acra,multidrug efflux pump membrane fusion lipoprotein AcrA,multidrug efflux pump AcrAD-TolC,LPI,GO:0042910; GO:0022857; GO:0006855; GO:0042908; GO:0009636; GO:0015895; GO:0015908; GO:0042493; GO:0015125; GO:0015567; GO:0031226; GO:0005515; GO:1990281; GO:0031237; GO:0015721; GO:0042802; GO:0055085; GO:0016020; GO:0030288; GO:0005886; GO:0046677,envelope
acra,multidrug efflux pump membrane fusion lipoprotein AcrA,multidrug efflux pump AcrAB-TolC,LPI,GO:0042910; GO:0022857; GO:0006855; GO:0042908; GO:0009636; GO:0015895; GO:0015908; GO:0042493; GO:0015125; GO:0015567; GO:0031226; GO:0005515; GO:1990281; GO:0031237; GO:0015721; GO:0042802; GO:0055085; GO:0016020; GO:0030288; GO:0005886; GO:0046677,envelope
acrb,multidrug efflux pump RND permease AcrB,multidrug efflux pump AcrAB-TolC,IM,GO:0042908; GO:0015299; GO:0055085; GO:0022857; GO:0015562; GO:0046677; GO:0030288; GO:0015567; GO:0015895; GO:0015908; GO:0042931; GO:0042930; GO:0015125; GO:0009636; GO:0015721; GO:1990281; GO:0042802; GO:0005515; GO:0005887; GO:0042493; GO:0005886; GO:0016021; GO:0016020;GO:0006261; GO:0034335; GO:0016853; GO:0003916; GO:0000166; GO:0046872; GO:0005694; GO:0005829; GO:0005515; GO:0009330; GO:0042493; GO:0008094; GO:0003677; GO:0046677; GO:0006265; GO:0005524; GO:0003918; GO:0006351; GO:0005737,envelope
acrd,multidrug efflux pump RND permease AcrD,multidrug efflux pump AcrAD-TolC,IM,GO:0042908; GO:0015299; GO:0015125; GO:0005515; GO:0030288; GO:1990281; GO:0046677; GO:0009636; GO:0015721; GO:0005887; GO:0055085; GO:0022857; GO:0015562; GO:0005886; GO:0016021; GO:0016020,envelope
actp,acetate/glycolate:cation symporter,acetate/glycolate:cation symporter,IM,GO:0022857; GO:0015710; GO:0015654; GO:0097339; GO:0055085; GO:0016021; GO:0016020; GO:0006811; GO:0006847; GO:0015123; GO:0043879; GO:0005887; GO:0005886; GO:0015293; GO:0006814,envelope
agp,glucose-1-phosphatase,glucose-1-phosphatase,PE,GO:0006007; GO:0016311; GO:0016787; GO:0030288; GO:0042803; GO:0042597; GO:0008877; GO:0016158,envelope
amic,N-acetylmuramoyl-L-alanine amidase C,N-acetylmuramoyl-L-alanine amidase C,PE,GO:0051301; GO:0071555; GO:0043093; GO:0016787; GO:0009253; GO:0030288; GO:0042597; GO:0008745,envelope
ampc,&beta;-lactamase,&beta;-lactamase,PE,GO:0016787; GO:0030288; GO:0017001; GO:0046677; GO:0042597; GO:0008800,envelope
apha,acid phosphatase / phosphotransferase,acid phosphatase / phosphotransferase,PE,GO:0042802; GO:0000287; GO:0016311; GO:0004647; GO:0030288; GO:0046872; GO:0042597; GO:0016787; GO:0003993,envelope
arcb,"ArcB-N-phospho-L-histidine-292 // ""ArcB-phospho-L-aspartate-576"" // ""ArcB-N-phospho-L-histidine-717"" // ""sensor histidine kinase ArcB""",sensor histidine kinase ArcB,IM,GO:0005886; GO:0016021; GO:0004721; GO:0070482; GO:0005887; GO:0005829; GO:0000155; GO:0005524; GO:0000166; GO:0046777; GO:0006355; GO:0004673; GO:0007165; GO:0016020; GO:0016301; GO:0016310; GO:0016740; GO:0016772; GO:0018106; GO:0023014; GO:0000160,envelope
argt,lysine/arginine/ornithine ABC transporter periplasmic binding protein,lysine / arginine / ornithine ABC transporter,PE,GO:0071705; GO:0006995; GO:0009267; GO:0071294; GO:1902022; GO:1902023; GO:0015822; GO:0030288; GO:0042597; GO:0006865,envelope
arti,putative ABC transporter periplasmic binding protein ArtI,putative ABC transporter ArtPQMI,PE,GO:0034220; GO:0015276; GO:0071705; GO:0016020; GO:0006865; GO:0030288; GO:0042597,envelope
artj,L-arginine ABC transporter periplasmic binding protein,L-arginine ABC transporter,PE,GO:0015276; GO:0071705; GO:0016020; GO:0016597; GO:0015809; GO:0097638; GO:0006865; GO:0030288; GO:0034618; GO:0042597,envelope
artq,L-arginine ABC transporter membrane subunit ArtQ,L-arginine ABC transporter,IM,GO:0071705; GO:0055085; GO:0043190; GO:0022857; GO:0097638; GO:0005887; GO:0055052; GO:0006865; GO:0005886; GO:0016021; GO:0016020,envelope
artq,L-arginine ABC transporter membrane subunit ArtQ,putative ABC transporter ArtPQMI,IM,GO:0071705; GO:0055085; GO:0043190; GO:0022857; GO:0097638; GO:0005887; GO:0055052; GO:0006865; GO:0005886; GO:0016021; GO:0016020,envelope
asma,putative assembly protein AsmA,putative assembly protein AsmA,PE,GO:0005887; GO:0030288; GO:0005886; GO:0090313; GO:0042597,envelope
atpb,ATP synthase F0 complex subunit a,ATP synthase,IM,GO:0015986; GO:0005887; GO:0016020; GO:0015078; GO:0042777; GO:0006811; GO:0006754; GO:0005886; GO:0045263; GO:0016021; GO:0046933,envelope
atpb,ATP synthase F0 complex subunit a,ATP synthase F<sub>0</sub> complex,IM,GO:0015986; GO:0005887; GO:0016020; GO:0015078; GO:0042777; GO:0006811; GO:0006754; GO:0005886; GO:0045263; GO:0016021; GO:0046933,envelope
atpe,ATP synthase F0 complex subunit c,ATP synthase F<sub>0</sub> complex - subunit c,IM,GO:1902600; GO:0033177; GO:0016020; GO:0015078; GO:0015986; GO:0006811; GO:0006754; GO:0005886; GO:0045263; GO:0016021; GO:0008289; GO:0046961; GO:0046933,envelope
atpe,ATP synthase F0 complex subunit c,ATP synthase,IM,GO:1902600; GO:0033177; GO:0016020; GO:0015078; GO:0015986; GO:0006811; GO:0006754; GO:0005886; GO:0045263; GO:0016021; GO:0008289; GO:0046961; GO:0046933,envelope
atpe,ATP synthase F0 complex subunit c,ATP synthase F<sub>0</sub> complex,IM,GO:1902600; GO:0033177; GO:0016020; GO:0015078; GO:0015986; GO:0006811; GO:0006754; GO:0005886; GO:0045263; GO:0016021; GO:0008289; GO:0046961; GO:0046933,envelope
atpf,ATP synthase F0 complex subunit b,ATP synthase F<sub>0</sub> complex - subunit b,IM,GO:0005887; GO:0016020; GO:0015078; GO:0015986; GO:0006811; GO:0006754; GO:0005886; GO:0045263; GO:0016021; GO:0046961; GO:0046933,envelope
atpf,ATP synthase F0 complex subunit b,ATP synthase,IM,GO:0005887; GO:0016020; GO:0015078; GO:0015986; GO:0006811; GO:0006754; GO:0005886; GO:0045263; GO:0016021; GO:0046961; GO:0046933,envelope
atpf,ATP synthase F0 complex subunit b,ATP synthase F<sub>0</sub> complex,IM,GO:0005887; GO:0016020; GO:0015078; GO:0015986; GO:0006811; GO:0006754; GO:0005886; GO:0045263; GO:0016021; GO:0046961; GO:0046933,envelope
bama,outer membrane protein assembly factor BamA,Outer Membrane Protein Assembly Complex,OM,GO:0071709; GO:0007155; GO:1990063; GO:0019867; GO:0016020; GO:0005515; GO:0016021; GO:0043165; GO:0051205; GO:0051082; GO:0009279,envelope
bamb,outer membrane protein assembly factor BamB,Outer Membrane Protein Assembly Complex,LPO,GO:1990063; GO:0016020; GO:0042802; GO:0005515; GO:0043165; GO:0051205; GO:0009279,envelope
bamc,outer membrane protein assembly factor BamC,Outer Membrane Protein Assembly Complex,LPO,GO:0051205; GO:0042802; GO:0009986; GO:1990063; GO:0016020; GO:0005515; GO:0043165; GO:0009279,envelope
bamd,outer membrane protein assembly factor BamD,Outer Membrane Protein Assembly Complex,LPO,GO:1990063; GO:0016020; GO:0005515; GO:0043165; GO:0051205; GO:0009279,envelope
bame,outer membrane protein assembly factor BamE,Outer Membrane Protein Assembly Complex,LPO,GO:1901612; GO:0045203; GO:1990063; GO:0019867; GO:0042802; GO:0016020; GO:0005515; GO:0046677; GO:0043165; GO:0051205; GO:0009279; GO:0030674,envelope
bcsb,cellulose synthase periplasmic subunit,cellulose synthase,IM,GO:0006011; GO:0005886; GO:0030244; GO:0016021; GO:0016020,envelope
bepa,&beta;-barrel assembly-enhancing protease,&beta;-barrel assembly-enhancing protease,PE,GO:0008270; GO:0003756; GO:0043165; GO:0051603; GO:0005515; GO:0046872; GO:0016787; GO:0008233; GO:0004222; GO:0008237; GO:0061077; GO:0042597; GO:0016020; GO:0006508; GO:0030288,envelope
bglx,"&beta;-D-glucoside glucohydrolase, periplasmic","&beta;-D-glucoside glucohydrolase, periplasmic",PE,GO:0102483; GO:0016798; GO:0016787; GO:0015926; GO:0004553; GO:0005975; GO:0030288; GO:0042597; GO:0008152; GO:0008422,envelope
bhsa,DUF1471 domain-containing multiple stress resistance outer membrane protein BhsA,DUF1471 domain-containing multiple stress resistance outer membrane protein BhsA,OM,GO:0016020; GO:0046688; GO:0009279; GO:0042710; GO:0006950,envelope
blc,outer membrane lipoprotein Blc,outer membrane lipoprotein Blc,LPO,GO:0006629; GO:0005737; GO:0000302; GO:0036406; GO:0006974; GO:0008289; GO:0016020; GO:0009279,envelope
bord,DLP12 prophage; prophage lipoprotein BorD,DLP12 prophage; prophage lipoprotein BorD,LPO,GO:0031225; GO:0071286; GO:0005886; GO:0016020,envelope
btub,cobalamin/cobinamide outer membrane transporter,vitamin B12 outer membrane transport complex,OM,GO:0090482; GO:0044718; GO:0042931; GO:0042930; GO:0035461; GO:0033214; GO:0031230; GO:0015685; GO:0015344; GO:0005623; GO:0015420; GO:0034220; GO:0019904; GO:0005515; GO:0005216; GO:0015288; GO:0046930; GO:0006811; GO:0046872; GO:0016021; GO:0016020; GO:0015889; GO:0009279,envelope
chaa,Na+/K+:H+ antiporter ChaA,Na+/K+:H+ antiporter ChaA,IM,GO:0098656; GO:0005623; GO:0006812; GO:0098655; GO:0071805; GO:0035725; GO:0016021; GO:0016020; GO:0015297; GO:0008324; GO:0006811; GO:0005886; GO:0055085; GO:0005887; GO:0015386; GO:0015385; GO:0006813; GO:0006814; GO:0006883; GO:0030007,envelope
cira,EG10155-MONOMER,EG10155-MONOMER,OM,GO:0042931; GO:0042930; GO:0033214; GO:0031230; GO:0015685; GO:0015344; GO:0005623; GO:0044718; GO:0043213; GO:0055072; GO:0016020; GO:0006811; GO:0016021; GO:0015343; GO:0042912; GO:0038023; GO:0009279,envelope
copa,"soluble Cu+ chaperone // ""Cu+ exporting P-type ATPase""","soluble Cu+ chaperone // ""Cu+ exporting P-type ATPase""",IM,GO:0016887; GO:0015662; GO:0006825; GO:0010273; GO:0016531; GO:0098655; GO:0072511; GO:0043682; GO:0035434; GO:0005737; GO:0006812; GO:0019829; GO:1902601; GO:0071292; GO:0071280; GO:0015080; GO:0005887; GO:0060003; GO:0030001; GO:0016020; GO:0006811; GO:0005886; GO:0046872; GO:0016021; GO:0005524; GO:0000166,envelope
cora,Ni2+/Co2+/Mg2+ transporter,Ni2+/Co2+/Mg2+ transporter,IM,GO:1903830; GO:0055085; GO:0046873; GO:0030001; GO:0006811; GO:0035444; GO:0015099; GO:0005887; GO:0005886; GO:0016021; GO:0016020; GO:0015693; GO:0015095; GO:0015087; GO:0006824,envelope
cpdb,2'3' cyclic nucleotide phosphodiesterase/3' nucleotidase,2'3' cyclic nucleotide phosphodiesterase/3' nucleotidase,PE,GO:0016311; GO:0016788; GO:0016787; GO:0009117; GO:0008152; GO:0003824; GO:0006974; GO:0030288; GO:0046872; GO:0042597; GO:0009166; GO:0000166; GO:0008254; GO:0008663,envelope
cpxa,"CpxA-N-phospho-L-histidine // ""sensor histidine kinase CpxA""",sensor histidine kinase CpxA,IM,GO:0006470; GO:0030288; GO:0005829; GO:0036460; GO:0005887; GO:0004721; GO:0042802; GO:0000160; GO:0009314; GO:0007155; GO:0023014; GO:0018106; GO:0005515; GO:0043708; GO:0016772; GO:0016740; GO:0016310; GO:0016301; GO:0016020; GO:0007165; GO:0004673; GO:0046777; GO:0000166; GO:0005886; GO:0016021; GO:0005524; GO:0000155,envelope
cpxa,"CpxA-N-phospho-L-histidine // ""sensor histidine kinase CpxA""",CpxA-<i>N</i>-phospho-L-histidine,IM,GO:0006470; GO:0030288; GO:0005829; GO:0036460; GO:0005887; GO:0004721; GO:0042802; GO:0000160; GO:0009314; GO:0007155; GO:0023014; GO:0018106; GO:0005515; GO:0043708; GO:0016772; GO:0016740; GO:0016310; GO:0016301; GO:0016020; GO:0007165; GO:0004673; GO:0046777; GO:0000166; GO:0005886; GO:0016021; GO:0005524; GO:0000155,envelope
cpxp,periplasmic protein CpxP,periplasmic protein CpxP,PE,GO:1990507; GO:0030162; GO:0051082; GO:0005515; GO:0042802; GO:0030288; GO:0006950; GO:0042597,envelope
crea,PF05981 family protein CreA,PF05981 family protein CreA,PE,GO:0005829,envelope
csta,carbon starvation protein A,carbon starvation protein A,IM,GO:0031669; GO:0015833; GO:0015031; GO:0005887; GO:0005886; GO:0016021; GO:0016020; GO:0009267,envelope
cueo,multicopper oxidase CueO,multicopper oxidase CueO,PE,GO:0042597; GO:0016722; GO:0010273; GO:0016724; GO:0016682; GO:0046688; GO:0004322; GO:0046872; GO:0016491; GO:0030288; GO:0055114; GO:0005507,envelope
cyca,D-serine/alanine/glycine/:H+symporter,D-serine/alanine/glycine/:H+symporter,IM,GO:0055085; GO:0022857; GO:0006865; GO:0042941; GO:0015808; GO:0001762; GO:0015816; GO:0042945; GO:0042944; GO:0015180; GO:0001761; GO:0015187; GO:0042942; GO:0005887; GO:0005886; GO:0016021; GO:0016020,envelope
cyda,cytochrome bd-I ubiquinol oxidase subunit I,cytochrome <i>bd</i>-I ubiquinol oxidase,IM,GO:0016682; GO:0005515; GO:0006119; GO:0070069; GO:0019646; GO:0005887; GO:0046872; GO:0016020; GO:0016021; GO:0055114; GO:0005886; GO:0020037; GO:0016679; GO:0009055,envelope
cydb,cytochrome bd-I ubiquinol oxidase subunit II,cytochrome <i>bd</i>-I ubiquinol oxidase,IM,GO:0005515; GO:0070069; GO:0005887; GO:0019646; GO:0046872; GO:0006119; GO:0016020; GO:0016021; GO:0055114; GO:0005886; GO:0020037; GO:0016682; GO:0009055,envelope
cydc,glutathione/L-cysteine ABC exporter subunit CydC,glutathione / L-cysteine ABC exporter CydDC,IM,GO:0055085; GO:0005623; GO:0045454; GO:0005887; GO:0043190; GO:0016887; GO:0016020; GO:0070453; GO:0033228; GO:0034775; GO:0005886; GO:0042626; GO:0016021; GO:0005524; GO:0000166,envelope
cyoa,cytochrome bo3 ubiquinol oxidase subunit 2,cytochrome <i>bo<sub>3</sub></i> ubiquinol oxidase,IM,GO:0042773; GO:0008827; GO:0005507; GO:0004129; GO:0071575; GO:0009060; GO:0015990; GO:0055114; GO:0022900; GO:0016491; GO:0016021; GO:0016020; GO:0005886; GO:0016682; GO:0009319; GO:0019646; GO:0070469; GO:0005887; GO:0015078; GO:0009486; GO:0009055; GO:0015453,envelope
cyob,cytochrome bo3 ubiquinol oxidase subunit 1,cytochrome <i>bo<sub>3</sub></i> ubiquinol oxidase,IM,GO:0004129; GO:0005515; GO:0055114; GO:0046872; GO:0016021; GO:0016020; GO:0009060; GO:0006811; GO:0005886; GO:0016682; GO:0070469; GO:0009319; GO:0015990; GO:0015078; GO:0048039; GO:0019646; GO:0005887; GO:0009486; GO:0020037; GO:0005507; GO:0009055; GO:0015453,envelope
cysp,thiosulfate/sulfate ABC transporter periplasmic binding protein CysP,thiosulfate/sulfate ABC transporter,PE,GO:1901681; GO:0036173; GO:0043199; GO:0015709; GO:1902358; GO:0042597; GO:0030288; GO:0008272; GO:0015419; GO:0006790,envelope
cysu,sulfate/thiosulfate ABC transporter inner membrane subunit CysU,thiosulfate/sulfate ABC transporter,IM,GO:0055085; GO:0043190; GO:0005887; GO:1902358; GO:0015419; GO:0005886; GO:0016021; GO:0016020; GO:0008272,envelope
cysu,sulfate/thiosulfate ABC transporter inner membrane subunit CysU,sulfate/thiosulfate ABC transporter,IM,GO:0055085; GO:0043190; GO:0005887; GO:1902358; GO:0015419; GO:0005886; GO:0016021; GO:0016020; GO:0008272,envelope
daca,D-alanyl-D-alanine carboxypeptidase DacA,D-alanyl-D-alanine carboxypeptidase DacA,IM,GO:0005515; GO:0042803; GO:0030288; GO:1990914; GO:0004175; GO:0071555; GO:0016787; GO:0016020; GO:0008233; GO:0005886; GO:0005887; GO:0008800; GO:0000270; GO:0051301; GO:0008658; GO:0009252; GO:0008360; GO:0006508; GO:0004180; GO:0009002,envelope
dacc,D-alanyl-D-alanine carboxypeptidase DacC,D-alanyl-D-alanine carboxypeptidase DacC,IM,GO:0042803; GO:0030288; GO:0004175; GO:0071555; GO:0016787; GO:0016020; GO:0008233; GO:0005886; GO:0005887; GO:0008658; GO:0009252; GO:0009002; GO:0008360; GO:0006508; GO:0004180; GO:0042493,envelope
dada,D-amino acid dehydrogenase,D-amino acid dehydrogenase,IM,GO:0005737; GO:0055114; GO:0019478; GO:0016491; GO:0016020; GO:0019480; GO:0055130; GO:0005886; GO:0008718,envelope
damx,cell division protein DamX,cell division protein DamX,IM,GO:0032506; GO:0005887; GO:0030428; GO:0032153; GO:0042834; GO:0005515; GO:0051301; GO:0005886; GO:0016021; GO:0016020; GO:0007049; GO:0000910,envelope
dcrb,periplasmic bacteriophage sensitivity protein DcrB,periplasmic bacteriophage sensitivity protein DcrB,PE,GO:0031225; GO:0042597,envelope
dedd,cell division protein DedD,cell division protein DedD,IM,GO:0005887; GO:0051301; GO:0016021; GO:0016020; GO:0007049; GO:0005886; GO:0042834; GO:0030428; GO:0032153; GO:0032506,envelope
degp,periplasmic serine endoprotease DegP,periplasmic serine endoprotease DegP,PE,GO:0006457; GO:0009408; GO:0061077; GO:0016787; GO:0008236; GO:0008233; GO:0042802; GO:0016020; GO:0005886; GO:0030288; GO:0006515; GO:0005515; GO:0004252; GO:0006979; GO:0009266; GO:0006508,envelope
degq,periplasmic serine endoprotease,periplasmic serine endoprotease,PE,GO:0005515; GO:0042802; GO:0016787; GO:0008236; GO:0071575; GO:0030288; GO:0051603; GO:0042597; GO:0008233; GO:0004252; GO:0006508,envelope
dppa,dipeptide ABC transporter periplasmic binding protein,dipeptide ABC transporter,PE,GO:1904680; GO:0035442; GO:0055085; GO:0043190; GO:0015886; GO:0020037; GO:0050918; GO:0061077; GO:0042597; GO:0015833; GO:0015031; GO:0042938; GO:0071916; GO:0030288; GO:0042277; GO:0006935,envelope
dsba,"thiol:disulfide oxidoreductase - DsbAreduced // ""thiol:disulfide oxidoreductase - DsbAoxidized"" // ""thiol:disulfide oxidoreductase DsbA""","thiol:disulfide oxidoreductase - DsbAreduced // ""thiol:disulfide oxidoreductase - DsbAoxidized"" // ""thiol:disulfide oxidoreductase DsbA""",PE,GO:0005623; GO:0003756; GO:0055114; GO:0042597; GO:0045454; GO:0071236; GO:0030288; GO:0015035; GO:0005515,envelope
dsbc,protein disulfide isomerase DsbC,protein disulfide isomerase DsbC,PE,GO:0005623; GO:0015035; GO:0046688; GO:0061077; GO:0055114; GO:0030288; GO:0042803; GO:0045454; GO:0042597; GO:0003756,envelope
dsbg,protein sulfenic acid reductase and chaperone DsbG,protein sulfenic acid reductase DsbG<sub>reduced</sub>,PE,GO:0061077; GO:0003756; GO:0042597; GO:0030288,envelope
dsbg,protein sulfenic acid reductase and chaperone DsbG,protein sulfenic acid reductase DsbG<sub>oxidized</sub>,PE,GO:0061077; GO:0003756; GO:0042597; GO:0030288,envelope
dsbg,protein sulfenic acid reductase and chaperone DsbG,protein sulfenic acid reductase and chaperone DsbG,PE,GO:0061077; GO:0003756; GO:0042597; GO:0030288,envelope
ecnb,bacteriolytic entericidin B lipoprotein,bacteriolytic entericidin B lipoprotein,LPO,GO:0036405; GO:0016020; GO:0009636; GO:0005886,envelope
eco,serine protease inhibitor ecotin,serine protease inhibitor ecotin,PE,GO:0010951; GO:0042803; GO:0030414; GO:0030288; GO:0005515; GO:0010466; GO:0042597; GO:0004867,envelope
efeo,ferrous iron transport system protein EfeO,ferrous iron transport system protein EfeO,PE,GO:0009411; GO:0009636; GO:0006979; GO:0030288; GO:0046677; GO:0042597,envelope
emra,multidrug efflux pump membrane fusion protein EmrA,multidrug efflux pump EmrAB-TolC,IM,GO:0042910; GO:0022857; GO:0031226; GO:0030288; GO:0005887; GO:1990281; GO:0048545; GO:0005515; GO:0015721; GO:0015125; GO:0009636; GO:1990961; GO:0042802; GO:0016020; GO:0005886; GO:0055085; GO:0046677; GO:0016021,envelope
emta,lytic murein transglycosylase E,lytic murein transglycosylase E,LPO,GO:0051301; GO:0071555; GO:0008933; GO:0000270; GO:0016998; GO:0016837; GO:0016829; GO:0016020; GO:0009279; GO:0008932,envelope
envz,sensor histidine kinase EnvZ,sensor histidine kinase EnvZ,IM,GO:0047484; GO:0042802; GO:0006470; GO:0030288; GO:0005829; GO:0000160; GO:0023014; GO:0018106; GO:0016772; GO:0016740; GO:0016310; GO:0016301; GO:0016021; GO:0016020; GO:0007165; GO:0005886; GO:0004673; GO:0005515; GO:0042803; GO:0004721; GO:0005887; GO:0046777; GO:0000166; GO:0005524; GO:0000155; GO:0006970,envelope
envz,sensor histidine kinase EnvZ,EnvZ-<i>N</i>-phospho-L-histidine,IM,GO:0047484; GO:0042802; GO:0006470; GO:0030288; GO:0005829; GO:0000160; GO:0023014; GO:0018106; GO:0016772; GO:0016740; GO:0016310; GO:0016301; GO:0016021; GO:0016020; GO:0007165; GO:0005886; GO:0004673; GO:0005515; GO:0042803; GO:0004721; GO:0005887; GO:0046777; GO:0000166; GO:0005524; GO:0000155; GO:0006970,envelope
eptc,phosphoethanolamine transferase EptC,phosphoethanolamine transferase EptC,IM,GO:0016772; GO:0003824; GO:0008484; GO:0016776; GO:0006629; GO:0016021; GO:0016020; GO:0009244; GO:0005886; GO:0016740; GO:0009103,envelope
exbb,Ton complex subunit ExbB,energy transducing Ton complex,IM,GO:0017038; GO:0055085; GO:0022857; GO:0042802; GO:0098797; GO:0005887; GO:0015889; GO:0042928; GO:0016020; GO:0005515; GO:0050821; GO:0031992; GO:0005886; GO:0043213; GO:0016021; GO:0015031,envelope
exbb,Ton complex subunit ExbB,vitamin B12 outer membrane transport complex,IM,GO:0017038; GO:0055085; GO:0022857; GO:0042802; GO:0098797; GO:0005887; GO:0015889; GO:0042928; GO:0016020; GO:0005515; GO:0050821; GO:0031992; GO:0005886; GO:0043213; GO:0016021; GO:0015031,envelope
exbb,Ton complex subunit ExbB,ferric enterobactin outer membrane transport complex,IM,GO:0017038; GO:0055085; GO:0022857; GO:0042802; GO:0098797; GO:0005887; GO:0015889; GO:0042928; GO:0016020; GO:0005515; GO:0050821; GO:0031992; GO:0005886; GO:0043213; GO:0016021; GO:0015031,envelope
exbb,Ton complex subunit ExbB,ferrichrome outer membrane transport complex,IM,GO:0017038; GO:0055085; GO:0022857; GO:0042802; GO:0098797; GO:0005887; GO:0015889; GO:0042928; GO:0016020; GO:0005515; GO:0050821; GO:0031992; GO:0005886; GO:0043213; GO:0016021; GO:0015031,envelope
exbb,Ton complex subunit ExbB,ferric citrate outer membrane transport complex,IM,GO:0017038; GO:0055085; GO:0022857; GO:0042802; GO:0098797; GO:0005887; GO:0015889; GO:0042928; GO:0016020; GO:0005515; GO:0050821; GO:0031992; GO:0005886; GO:0043213; GO:0016021; GO:0015031,envelope
exbb,Ton complex subunit ExbB,ferric coprogen outer membrane transport complex,IM,GO:0017038; GO:0055085; GO:0022857; GO:0042802; GO:0098797; GO:0005887; GO:0015889; GO:0042928; GO:0016020; GO:0005515; GO:0050821; GO:0031992; GO:0005886; GO:0043213; GO:0016021; GO:0015031,envelope
exbd,Ton complex subunit ExbD,energy transducing Ton complex,IM,GO:0055085; GO:0022857; GO:0098797; GO:0042803; GO:0005887; GO:0016020; GO:0042802; GO:0005515; GO:0031992; GO:0050821; GO:0005886; GO:0043213; GO:0016021; GO:0015031,envelope
exbd,Ton complex subunit ExbD,vitamin B12 outer membrane transport complex,IM,GO:0055085; GO:0022857; GO:0098797; GO:0042803; GO:0005887; GO:0016020; GO:0042802; GO:0005515; GO:0031992; GO:0050821; GO:0005886; GO:0043213; GO:0016021; GO:0015031,envelope
exbd,Ton complex subunit ExbD,ferric enterobactin outer membrane transport complex,IM,GO:0055085; GO:0022857; GO:0098797; GO:0042803; GO:0005887; GO:0016020; GO:0042802; GO:0005515; GO:0031992; GO:0050821; GO:0005886; GO:0043213; GO:0016021; GO:0015031,envelope
exbd,Ton complex subunit ExbD,ferrichrome outer membrane transport complex,IM,GO:0055085; GO:0022857; GO:0098797; GO:0042803; GO:0005887; GO:0016020; GO:0042802; GO:0005515; GO:0031992; GO:0050821; GO:0005886; GO:0043213; GO:0016021; GO:0015031,envelope
exbd,Ton complex subunit ExbD,ferric citrate outer membrane transport complex,IM,GO:0055085; GO:0022857; GO:0098797; GO:0042803; GO:0005887; GO:0016020; GO:0042802; GO:0005515; GO:0031992; GO:0050821; GO:0005886; GO:0043213; GO:0016021; GO:0015031,envelope
exbd,Ton complex subunit ExbD,ferric coprogen outer membrane transport complex,IM,GO:0055085; GO:0022857; GO:0098797; GO:0042803; GO:0005887; GO:0016020; GO:0042802; GO:0005515; GO:0031992; GO:0050821; GO:0005886; GO:0043213; GO:0016021; GO:0015031,envelope
fadl,long-chain fatty acid outer membrane channel / bacteriophage T2 receptor,long-chain fatty acid outer membrane channel / bacteriophage T2 receptor,OM,GO:0031230; GO:0015908; GO:0055085; GO:0022834; GO:0015483; GO:0015909; GO:0016021; GO:0016020; GO:0006869; GO:0009279,envelope
fdog,formate dehydrogenase O subunit &alpha;,formate dehydrogenase O,PE,GO:0030151; GO:0016020; GO:0022900; GO:0051539; GO:0051536; GO:0047111; GO:0043546; GO:0008863; GO:0015944; GO:0036397; GO:0030288; GO:0005515; GO:0055114; GO:0009055; GO:0042597; GO:0006974; GO:0005829; GO:0009326; GO:0046872; GO:0045333; GO:0016491; GO:0009061,envelope
feca,ferric citrate outer membrane transporter,FecAR Signal Transduction System,OM,GO:0072512; GO:0044718; GO:0038023; GO:0034755; GO:0015344; GO:0015891; GO:0019867; GO:0016020; GO:0006811; GO:0015091; GO:0006826; GO:0055072; GO:0016021; GO:0009279; GO:0009279,envelope
feca,ferric citrate outer membrane transporter,ferric citrate outer membrane transport complex,OM,GO:0072512; GO:0044718; GO:0038023; GO:0034755; GO:0015344; GO:0015891; GO:0019867; GO:0016020; GO:0006811; GO:0015091; GO:0006826; GO:0055072; GO:0016021; GO:0009279; GO:0009279,envelope
fepa,ferric enterobactin outer membrane transporter,ferric enterobactin outer membrane transport complex,OM,GO:0044718; GO:0042931; GO:0042930; GO:0038023; GO:0031230; GO:0015344; GO:0005623; GO:0019904; GO:0015891; GO:0055085; GO:0033214; GO:0016021; GO:0016020; GO:0006811; GO:0045203; GO:0005515; GO:0015685; GO:0015620; GO:0042914; GO:0042912; GO:0022834; GO:0055072; GO:0009279,envelope
fepb,ferric enterobactin ABC transporter periplasmic binding protein,ferric enterobactin ABC transporter,PE,GO:0005623; GO:0015685; GO:1903981; GO:0006974; GO:0030288; GO:0055072; GO:0042597; GO:0006811,envelope
fhua,ferrichrome outer membrane transporter/phage receptor,ferrichrome outer membrane transport complex,OM,GO:0044718; GO:0038023; GO:0015344; GO:0005515; GO:0019904; GO:0015891; GO:0048037; GO:0016020; GO:0005506; GO:0055072; GO:0046790; GO:0015643; GO:0016021; GO:0006811; GO:0009279,envelope
fhue,ferric coprogen/ferric rhodotorulic acid outer membrane transporter,ferric coprogen outer membrane transport complex,OM,GO:0044718; GO:0038023; GO:0015344; GO:0015891; GO:0055072; GO:0016021; GO:0016020; GO:0006811; GO:0009279,envelope
fiu,putative iron siderophore outer membrane transporter,putative iron siderophore outer membrane transporter,OM,GO:0044718; GO:0038023; GO:0015344; GO:0055072; GO:0016020; GO:0006811; GO:0042884; GO:0016021; GO:0015891; GO:0015891; GO:0009279,envelope
fkpa,peptidyl-prolyl cis-trans isomerase FkpA,peptidyl-prolyl cis-trans isomerase FkpA,PE,GO:0000413; GO:0006457; GO:0030288; GO:0042026; GO:0005515; GO:0042597; GO:0016853; GO:0003755,envelope
flgi,flagellar P-ring protein,flagellum,PE,GO:0097588; GO:0071973; GO:0030288; GO:0009428; GO:0005198; GO:0006974; GO:0009288; GO:0009425; GO:0042597,envelope
flgi,flagellar P-ring protein,flagellar motor complex,PE,GO:0097588; GO:0071973; GO:0030288; GO:0009428; GO:0005198; GO:0006974; GO:0009288; GO:0009425; GO:0042597,envelope
flif,flagellar basal-body MS-ring and collar protein,flagellum,IM,GO:0071973; GO:0009431; GO:0003774; GO:0009288; GO:0005886; GO:0009425; GO:0016021; GO:0016020; GO:0005515,envelope
flif,flagellar basal-body MS-ring and collar protein,flagellar motor complex,IM,GO:0071973; GO:0009431; GO:0003774; GO:0009288; GO:0005886; GO:0009425; GO:0016021; GO:0016020; GO:0005515,envelope
flil,flagellar protein FliL,flagellum,IM,GO:0005887; GO:0071978; GO:0071973; GO:0097588; GO:0009425; GO:0016021; GO:0005886; GO:0016020; GO:0006935,envelope
flil,flagellar protein FliL,flagellar motor complex,IM,GO:0005887; GO:0071978; GO:0071973; GO:0097588; GO:0009425; GO:0016021; GO:0005886; GO:0016020; GO:0006935,envelope
flk,putative flagella assembly protein,putative flagella assembly protein,IM,GO:0005887; GO:0031224; GO:0010468; GO:0016020; GO:0016021; GO:0005886,envelope
flu,CP4-44 prophage; self recognizing antigen 43 (Ag43) autotransporter,CP4-44 prophage; self recognizing antigen 43 (Ag43) autotransporter,OM,GO:0016020; GO:0042597; GO:0016021; GO:0009986; GO:0005576; GO:0009279; GO:0009279,envelope
ftse,cell division protein FtsE,divisome protein complex FtsEX,IM,GO:0055085; GO:0022857; GO:0016020; GO:0005886; GO:0032153; GO:0000166; GO:0019898; GO:0016887; GO:0031234; GO:0046677; GO:0005515; GO:0051301; GO:0007049; GO:0005524; GO:0005737,envelope
ftsh,ATP-dependent zinc metalloprotease FtsH,FtsH/HflKC protease complex,IM,GO:0005515; GO:0098796; GO:0005887; GO:0004176; GO:0046872; GO:0016787; GO:0016020; GO:0030163; GO:0004222; GO:0043273; GO:0030145; GO:0016887; GO:0005886; GO:0016021; GO:0008270; GO:0008237; GO:0008233; GO:0005524; GO:0000166; GO:0006508,envelope
ftsi,peptidoglycan DD-transpeptidase FtsI,peptidoglycan DD-transpeptidase FtsI,IM,GO:0043093; GO:0000917; GO:0016787; GO:0009002; GO:0008233; GO:0006508; GO:0004180; GO:0071555; GO:0032153; GO:0016021; GO:0016020; GO:0005886; GO:0005515; GO:0031226; GO:0005887; GO:0051301; GO:0008955; GO:0008658; GO:0008360; GO:0007049; GO:0042493; GO:0009252,envelope
ftsk,cell division DNA translocase FtsK,cell division DNA translocase FtsK,IM,GO:0036121; GO:0032508; GO:0042802; GO:0016021; GO:0006970; GO:0016020; GO:0043085; GO:0071236; GO:0045893; GO:0016887; GO:0009651; GO:0000920; GO:0043565; GO:0005887; GO:0015616; GO:0005886; GO:0051301; GO:0007059; GO:0007049; GO:0005524; GO:0005515; GO:0003677; GO:0000166,envelope
ftsl,cell division protein FtsL,FtsLBQ cell division complex,IM,GO:0032153; GO:0016021; GO:0016020; GO:0005886; GO:0005515; GO:0005887; GO:0043093; GO:0051301; GO:0007049,envelope
ftsn,cell division protein FtsN,cell division protein FtsN,IM,GO:0090529; GO:0043093; GO:0032506; GO:0032153; GO:0030428; GO:0000935; GO:0042834; GO:0005887; GO:0016020; GO:0007049; GO:0051301; GO:0000917; GO:0005515; GO:0000910; GO:0005886; GO:0016021,envelope
ftsp,cell division protein required during stress conditions,cell division protein required during stress conditions,PE,GO:0006979; GO:0010212; GO:0006950; GO:0042597; GO:0032153; GO:0055114; GO:0016491; GO:0005507; GO:0051301; GO:0007049; GO:0043093; GO:0030288,envelope
ftsq,cell division protein FtsQ,FtsLBQ cell division complex,IM,GO:0032153; GO:0090529; GO:0016020; GO:0016021; GO:0042802; GO:0005515; GO:0051301; GO:0005887; GO:0043093; GO:0005886; GO:0007049; GO:0000917,envelope
ftsx,cell division protein FtsX,divisome protein complex FtsEX,IM,GO:0032153; GO:0016020; GO:0009276; GO:0005515; GO:0051301; GO:0005886; GO:0016021; GO:0007049,envelope
ftsy,signal recognition particle receptor,signal recognition particle receptor,IM,GO:0006612; GO:0006605; GO:0005047; GO:0042803; GO:0005515; GO:0019897; GO:0016020; GO:0005886; GO:0005737; GO:0000166; GO:0005829; GO:0031226; GO:0003924; GO:0006614; GO:0005525,envelope
fxsa,protein FxsA,protein FxsA,IM,GO:0031226; GO:0016020; GO:0005886; GO:0016021,envelope
ggt,"glutathione hydrolase, small subunit // ""glutathione hydrolase, large subunit"" // ""glutathione hydrolase proenzyme""","glutathione hydrolase, small subunit // ""glutathione hydrolase, large subunit"" // ""glutathione hydrolase proenzyme""",PE,GO:0103068; GO:0102953; GO:0006750; GO:0034722; GO:0006751; GO:0043102; GO:0097264; GO:0008233; GO:0006508; GO:0016746; GO:0016740; GO:0036374; GO:0016787; GO:0006749; GO:0030288; GO:0042597,envelope
glnh,L-glutamine ABC transporter periplasmic binding protein,L-glutamine ABC transporter,PE,GO:0034220; GO:0015276; GO:0016020; GO:0006868; GO:0070406; GO:0030288; GO:0042597; GO:0006865,envelope
glpq,glycerophosphoryl diester phosphodiesterase GlpQ,"glycerophosphoryl diester phosphodiesterase, periplasmic",PE,GO:0005509; GO:0042802; GO:0008081; GO:0006629; GO:0046872; GO:0042597; GO:0016787; GO:0008889; GO:0006071,envelope
glpt,GLPT-MONOMER,GLPT-MONOMER,IM,GO:0022857; GO:0035435; GO:0055085; GO:0015169; GO:0005886; GO:0016021; GO:0016020; GO:0006071; GO:0015527; GO:0015315; GO:0015794; GO:0015793; GO:0006810,envelope
glti,glutamate/aspartate ABC transporter periplasmic binding protein,glutamate / aspartate ABC transporter,PE,GO:0070335; GO:0016595; GO:0015813; GO:0070778; GO:0030288; GO:0042597; GO:0006865,envelope
gsib,glutathione ABC transporter periplasmic binding protein,glutathione ABC transporter,PE,GO:1904680; GO:0042938; GO:0043190; GO:0034635; GO:0055085; GO:0006974; GO:0030288; GO:0042597,envelope
hdeb,periplasmic acid stress chaperone HdeB,periplasmic acid stress chaperone HdeB,PE,GO:1990451; GO:0010447; GO:0042597; GO:0030288; GO:0051082; GO:0009268,envelope
hemx,PF04375 family protein HemX,PF04375 family protein HemX,IM,GO:0005887; GO:0005886; GO:0016021; GO:0016020,envelope
hemy,protein HemY,protein HemY,IM,GO:0005887; GO:0042168; GO:0005886; GO:0016021; GO:0016020; GO:0006779,envelope
hflc,regulator of FtsH protease,HflK-HflC complex; regulator of FtsH protease,IM,GO:0098796; GO:0016020; GO:0052547; GO:0030288; GO:0071575; GO:0043086; GO:0009408; GO:0005886; GO:0016021; GO:0005515,envelope
hflc,regulator of FtsH protease,FtsH/HflKC protease complex,IM,GO:0098796; GO:0016020; GO:0052547; GO:0030288; GO:0071575; GO:0043086; GO:0009408; GO:0005886; GO:0016021; GO:0005515,envelope
hflk,regulator of FtsH protease,HflK-HflC complex; regulator of FtsH protease,IM,GO:0098796; GO:0005829; GO:0016021; GO:0016020; GO:0030288; GO:0043086; GO:0071575; GO:0005886; GO:0009408; GO:0005515,envelope
hflk,regulator of FtsH protease,FtsH/HflKC protease complex,IM,GO:0098796; GO:0005829; GO:0016021; GO:0016020; GO:0030288; GO:0043086; GO:0071575; GO:0005886; GO:0009408; GO:0005515,envelope
hisj,histidine ABC transporter periplasmic binding protein,histidine ABC transporter,PE,GO:0071705; GO:0016597; GO:1902024; GO:0030288; GO:0042597; GO:0006865,envelope
htpx,protease HtpX,protease HtpX,IM,GO:0016787; GO:0016020; GO:0008237; GO:0008233; GO:0046872; GO:0005886; GO:0016021; GO:0008270; GO:0006508; GO:0004222; GO:0009266,envelope
ivy,"periplasmic chaperone, inhibitor of vertebrate C-type lysozyme","periplasmic chaperone, inhibitor of vertebrate C-type lysozyme",PE,GO:0061077; GO:0042803; GO:0043086; GO:0030288; GO:0050790; GO:0060241; GO:0042597,envelope
kch,K+ channel Kch,voltage-gated K<sup>+</sup> channel,IM,GO:0032991; GO:0042802; GO:0006813; GO:0016021; GO:0006811; GO:0005886; GO:0016020,envelope
lgt,EG12128-MONOMER,EG12128-MONOMER,IM,GO:0009898; GO:0016740; GO:0016020; GO:0005886; GO:0005887; GO:0008961; GO:0042158; GO:0016021,envelope
livj,branched chain amino acid/phenylalanine ABC transporter periplasmic binding protein,branched chain amino acid / phenylalanine ABC transporter,PE,GO:0015829; GO:0015820; GO:0015818; GO:0015803; GO:0030288; GO:0042597; GO:0006865,envelope
livk,L-leucine/L-phenylalanine ABC transporter periplasmic binding protein,L-leucine/L-phenylalanine ABC transporter periplasmic binding protein,PE,GO:0070728; GO:0015820; GO:0030288; GO:0042597; GO:0006865,envelope
lnt,apolipoprotein N-acyltransferase,apolipoprotein N-acyltransferase,IM,GO:0030288; GO:0005515; GO:0016746; GO:0016740; GO:0016021; GO:0016020; GO:0006807; GO:0005887; GO:0005886; GO:0016410; GO:0042158,envelope
loip,metalloprotease LoiP,metalloprotease LoiP,LPO,GO:0071476; GO:0034605; GO:0034644; GO:0005515; GO:0016787; GO:0008233; GO:0004222; GO:0009279; GO:0046872; GO:0016020; GO:0008237; GO:0006508,envelope
lola,outer membrane lipoprotein carrier protein,outer membrane lipoprotein carrier protein,PE,GO:0005515; GO:0072323; GO:0044874; GO:0042597; GO:0015031; GO:0042953; GO:0030288,envelope
lola,outer membrane lipoprotein carrier protein,outer membrane lipoprotein carrier protein,PE,GO:0005515; GO:0072323; GO:0044874; GO:0042597; GO:0015031; GO:0042953; GO:0030288;GO:0005739; GO:0017118; GO:0016874; GO:0006464; GO:0016979; GO:0005829; GO:0009249; GO:0000166; GO:0005524; GO:0005737,envelope
lolb,outer membrane lipoprotein LolB,outer membrane lipoprotein LolB,LPO,GO:0009279; GO:0036406; GO:0030288; GO:0005515; GO:0044874; GO:0042157; GO:0016020; GO:0015031,envelope
lold,lipoprotein release complex - ATP binding subunit,lipoprotein release complex,IM,GO:0055085; GO:0022857; GO:0089705; GO:0140306; GO:0044873; GO:0098797; GO:0044874; GO:0016020; GO:0005886; GO:0042953; GO:0016887; GO:0016787; GO:0005524; GO:0000166,envelope
lole,lipoprotein release complex - inner membrane subunit,lipoprotein release complex,IM,GO:0140306; GO:0042953; GO:0044874; GO:0098797; GO:0005515; GO:0016021; GO:0016020; GO:0005886; GO:0005887,envelope
lpoa,outer membrane lipoprotein - activator of MrcA activity,outer membrane lipoprotein - activator of MrcA activity,LPO,GO:0050790; GO:0042597; GO:0004553; GO:0016020; GO:0031241; GO:0030234; GO:0008360; GO:0019899; GO:0009252; GO:0009279; GO:0005515,envelope
lpob,outer membrane lipoprotein - activator of MrcB activity,outer membrane lipoprotein - activator of MrcB activity,LPO,GO:0005515; GO:0008047; GO:0043085; GO:0016020; GO:0031241; GO:0030234; GO:0008360; GO:0009252; GO:0009279; GO:0019899,envelope
lpp,murein lipoprotein,murein lipoprotein,LPO,GO:0031230; GO:0005618; GO:0005576; GO:0043580; GO:0019867; GO:0005515; GO:0030258; GO:0008289; GO:0030288; GO:0042802; GO:0045203; GO:0042834; GO:0009279; GO:0016020; GO:0009279,envelope
lpta,lipopolysaccharide transport system protein LptA,lipopolysaccharide transport system,PE,GO:0043165; GO:1990351; GO:0042802; GO:0046836; GO:0005515; GO:0001530; GO:0009279; GO:0030288; GO:0015920; GO:0042597; GO:0017089,envelope
lptd,lipopolysaccharide assembly protein LptD,lipopolysaccharide transport system - outer membrane assembly complex,OM,GO:1990351; GO:0019867; GO:0061024; GO:0016020; GO:0015920; GO:0005515; GO:0043165; GO:0010033; GO:0009279,envelope
lptd,lipopolysaccharide assembly protein LptD,lipopolysaccharide transport system,OM,GO:1990351; GO:0019867; GO:0061024; GO:0016020; GO:0015920; GO:0005515; GO:0043165; GO:0010033; GO:0009279,envelope
lpte,lipopolysaccharide assembly protein LptE,lipopolysaccharide transport system - outer membrane assembly complex,LPO,GO:1990351; GO:0001530; GO:0030288; GO:0019867; GO:0016020; GO:0015920; GO:0009279; GO:0043165; GO:0005515,envelope
lpte,lipopolysaccharide assembly protein LptE,lipopolysaccharide transport system,LPO,GO:1990351; GO:0001530; GO:0030288; GO:0019867; GO:0016020; GO:0015920; GO:0009279; GO:0043165; GO:0005515,envelope
male,maltose ABC transporter periplasmic binding protein,maltose ABC transporter,PE,GO:0055085; GO:0034219; GO:0015144; GO:0055052; GO:0043190; GO:0008643; GO:1901982; GO:0060326; GO:0034289; GO:0006974; GO:0030288; GO:0005515; GO:0042597; GO:0042956; GO:0015768,envelope
many,mannose-specific PTS enzyme IIC component,mannose-specific PTS enzyme II,IM,GO:0098708; GO:0015761; GO:0032445; GO:0015764; GO:0016021; GO:0008643; GO:0005886; GO:0005887; GO:0022870; GO:0016020; GO:0009401,envelope
many,mannose-specific PTS enzyme IIC component,mannose-specific PTS enzyme II,IM,GO:0098708; GO:0015761; GO:0032445; GO:0015764; GO:0016021; GO:0008643; GO:0005886; GO:0005887; GO:0022870; GO:0016020; GO:0009401;GO:0005829; GO:0009401; GO:0008643; GO:0010243; GO:0006468; GO:0016772; GO:0003824; GO:0046872; GO:0016740; GO:0016310; GO:0016301; GO:0008965; GO:0005737,envelope
manz,mannose-specific PTS enzyme IID component,mannose-specific PTS enzyme II,IM,GO:0015761; GO:0098708; GO:0032445; GO:0015764; GO:0016021; GO:0008643; GO:0005886; GO:0005887; GO:0022870; GO:0016020; GO:0009401,envelope
mdta,multidrug efflux pump membrane fusion protein MdtA,multidrug efflux pump MdtABC-TolC,IM,GO:1990281; GO:0022857; GO:0015562; GO:0006855; GO:0042908; GO:0015125; GO:0015721; GO:0005887; GO:0055085; GO:0005886; GO:0030288; GO:0016020,envelope
meps,peptidoglycan DD-endopeptidase/peptidoglycan LD-carboxypeptidase,peptidoglycan DD-endopeptidase/peptidoglycan LD-carboxypeptidase,LPO,GO:0005515; GO:0071555; GO:0045227; GO:0009254; GO:0000270; GO:0016020; GO:0016787; GO:0008234; GO:0008233; GO:0006508; GO:0009279; GO:0004175,envelope
mglb,D-galactose/methyl-galactoside ABC transporter periplasmic binding protein,D-galactose / methyl-&beta;-D-galactoside ABC transporter,PE,GO:0005534; GO:0005536; GO:0015757; GO:0015765; GO:0005515; GO:0030288; GO:0046872; GO:0042597; GO:0008643; GO:0006935,envelope
mipa,MltA-interacting protein,MltA-interacting protein,OM,GO:0016020; GO:0030674; GO:0009252; GO:0009279,envelope
mlaa,intermembrane phospholipid transport system - outer membrane lipoprotein MlaA,intermembrane phospholipid transport system - outer membrane lipoprotein MlaA,LPO,GO:0120010; GO:0005515; GO:0009279; GO:0016020,envelope
mlac,intermembrane phospholipid transport system - periplasmic binding protein,intermembrane phospholipid transport system - periplasmic binding protein,PE,GO:0120010; GO:0042597; GO:0030288; GO:0015914,envelope
mlad,"intermembrane phospholipid transport system, substrate binding protein MlaD",intermembrane phospholipid transport system,IM,GO:0005548; GO:0120014; GO:0120010; GO:0030288; GO:0032991; GO:0005887; GO:0015914; GO:0016021; GO:0016020; GO:0005886; GO:0005543,envelope
mlaf,"intermembrane phospholipid transport system, ATP binding subunit MlaF",intermembrane phospholipid transport system,IM,GO:0120014; GO:0120010; GO:0032991; GO:0016020; GO:0016887; GO:0016787; GO:0005886; GO:0015914; GO:0005524; GO:0005515; GO:0000166,envelope
mlic,"inhibitor of c-type lysozyme, putative lipoprotein","inhibitor of c-type lysozyme, putative lipoprotein",LPO,GO:0005515; GO:0043086; GO:0031241; GO:0016020; GO:0009279; GO:0060241,envelope
mlta,membrane-bound lytic murein transglycosylase A,membrane-bound lytic murein transglycosylase A,LPO,GO:0005887; GO:0004553; GO:0036405; GO:0030288; GO:0000270; GO:0009253; GO:0005515; GO:0071555; GO:0016020; GO:0019867; GO:0009254; GO:0008933; GO:0016829; GO:0009279; GO:0009279,envelope
mltc,membrane-bound lytic murein transglycosylase C,membrane-bound lytic murein transglycosylase C,LPO,GO:0051301; GO:0030288; GO:0031225; GO:0008932; GO:0009253; GO:0071555; GO:0000270; GO:0016998; GO:0016798; GO:0008933; GO:0071236; GO:0034599; GO:0016829; GO:0009279; GO:0016020,envelope
moda,molybdate ABC transporter periplasmic binding protein,molybdate ABC transporter,PE,GO:0046872; GO:0046687; GO:0030973; GO:0015412; GO:1901359; GO:0030151; GO:0030288; GO:0015689; GO:0042597,envelope
mppa,murein tripeptide ABC transporter periplasmic binding protein,murein tripeptide ABC transporter,PE,GO:1904680; GO:1900750; GO:0015834; GO:0055085; GO:0043190; GO:0015833; GO:0030288; GO:0015031; GO:0042939; GO:0042597,envelope
mqo,EG12069-MONOMER,EG12069-MONOMER,IM,GO:0005737; GO:0005829; GO:0050660; GO:0009898; GO:0016491; GO:0052589; GO:0055114; GO:0008924; GO:0006099,envelope
mrda,peptidoglycan DD-transpeptidase MrdA,peptidoglycan DD-transpeptidase MrdA,IM,GO:0071972; GO:0005515; GO:0030288; GO:0016787; GO:0008233; GO:0004180; GO:0016021; GO:0006508; GO:0016020; GO:0005887; GO:0005886; GO:0009002; GO:0046677; GO:0008658; GO:0008360; GO:0071555; GO:0009252,envelope
mrec,cell shape determining protein MreC,cell shape determining protein MreC,IM,GO:0030288; GO:0005829; GO:0071963; GO:0005887; GO:0016020; GO:0043621; GO:0016021; GO:0005886; GO:0005515; GO:0008360,envelope
msba,ATP-binding lipopolysaccharide transport protein,ATP-dependent Lipid A-core flippase,IM,GO:0055085; GO:0042910; GO:0042626; GO:0042802; GO:0042908; GO:0008289; GO:0008144; GO:0005887; GO:0008559; GO:0034204; GO:0015920; GO:0015437; GO:0005524; GO:0006869; GO:0016020; GO:0016021; GO:0005886; GO:0034040; GO:0000166; GO:0016887; GO:0043190,envelope
mscl,large conductance mechanosensitive channel,large conductance mechanosensitive channel,IM,GO:0005623; GO:0005887; GO:0034220; GO:0042802; GO:0005886; GO:0016021; GO:0016020; GO:0006811; GO:0009992; GO:0008381,envelope
mscm,miniconductance mechanosensitive channel MscM,miniconductance mechanosensitive channel MscM,IM,GO:0006811; GO:0055085; GO:0071470; GO:0008381; GO:0005887; GO:0005886; GO:0016021; GO:0016020,envelope
mscs,small conductance mechanosensitive channel MscS,small conductance mechanosensitive channel MscS,IM,GO:0005623; GO:0042802; GO:0051260; GO:0005887; GO:0034220; GO:0016020; GO:0055085; GO:0005886; GO:0016021; GO:0006811; GO:0008381; GO:0009992,envelope
murg,NACGLCTRANS-MONOMER,NACGLCTRANS-MONOMER,IM,GO:0005515; GO:0005975; GO:0071555; GO:0016758; GO:0016757; GO:0016740; GO:0030259; GO:0051991; GO:0005886; GO:0051301; GO:0016020; GO:0008360; GO:0007049; GO:0050511; GO:0009252,envelope
nage,N-acetylglucosamine-specific PTS enzyme IIABC component,N-acetylglucosamine-specific PTS enzyme II,IM,GO:0046872; GO:0034219; GO:0090587; GO:0090586; GO:0019866; GO:0008643; GO:0015764; GO:0005887; GO:0009254; GO:0015572; GO:0006974; GO:0016310; GO:0016301; GO:0005886; GO:0016740; GO:0016021; GO:0016020; GO:0008982; GO:0009401,envelope
nage,N-acetylglucosamine-specific PTS enzyme IIABC component,N-acetylglucosamine-specific PTS enzyme II,IM,GO:0046872; GO:0034219; GO:0090587; GO:0090586; GO:0019866; GO:0008643; GO:0015764; GO:0005887; GO:0009254; GO:0015572; GO:0006974; GO:0016310; GO:0016301; GO:0005886; GO:0016740; GO:0016021; GO:0016020; GO:0008982; GO:0009401;GO:0032147; GO:0043086; GO:0034219; GO:0005829; GO:0010243; GO:0009401; GO:0008982; GO:0032412; GO:0030295; GO:0004857; GO:0016310; GO:0016301; GO:0016740; GO:0005737; GO:0005515,envelope
ndh,NADH:quinone oxidoreductase II,NADH:quinone oxidoreductase II,IM,GO:0055070; GO:0005887; GO:0030964; GO:0009061; GO:0055114; GO:0016491; GO:0016020; GO:0003954; GO:0005886; GO:0050660; GO:0019646; GO:0008137; GO:0009060,envelope
nlpa,lipoprotein-28,lipoprotein-28,LPI,GO:0015821; GO:0005886; GO:0016020,envelope
nlpe,sensor lipoprotein NlpE,sensor lipoprotein NlpE,LPO,GO:0042802; GO:1990169; GO:0005515; GO:0036460; GO:0007155; GO:0030288; GO:0016020; GO:0010810; GO:0009279,envelope
nmpc,DLP12 prophage; putative outer membrane porin NmpC,DLP12 prophage; putative outer membrane porin NmpC,OM,no ontology,envelope
nuoa,NADH:quinone oxidoreductase subunit A,NADH:quinone oxidoreductase I,IM,GO:0050136; GO:0016651; GO:0016021; GO:0016020; GO:0055114; GO:0005887; GO:0030964; GO:0005886; GO:0045272; GO:0048038; GO:0008137;GO:0055114; GO:0048038; GO:0016021; GO:0016020; GO:0042773; GO:0015990; GO:0048039; GO:0030964; GO:0005886; GO:0045272; GO:0005887; GO:0008137; GO:0009060,envelope
nuoh,NADH:quinone oxidoreductase subunit H,NADH:quinone oxidoreductase I,IM,GO:0016655; GO:0055114; GO:0016021; GO:0016020; GO:0030964; GO:0005886; GO:0045272; GO:0048038; GO:0005887; GO:0008137; GO:0009060,envelope
nuoi,NADH:quinone oxidoreductase subunit I,"NADH:quinone oxidoreductase I, peripheral arm",IM,GO:0050136; GO:0005506; GO:0055114; GO:0051536; GO:0016020; GO:0016651; GO:0030964; GO:0005886; GO:0045272; GO:0048038; GO:0046872; GO:0051539; GO:0009060,envelope
nuoi,NADH:quinone oxidoreductase subunit I,NADH:quinone oxidoreductase I,IM,GO:0050136; GO:0005506; GO:0055114; GO:0051536; GO:0016020; GO:0016651; GO:0030964; GO:0005886; GO:0045272; GO:0048038; GO:0046872; GO:0051539; GO:0009060,envelope
nuoj,NADH:quinone oxidoreductase subunit J,NADH:quinone oxidoreductase I,IM,GO:0016021; GO:0016020; GO:0055114; GO:0030964; GO:0005886; GO:0045272; GO:0048038; GO:0005887; GO:0008137,envelope
nuok,NADH:quinone oxidoreductase subunit K,NADH:quinone oxidoreductase I,IM,GO:0050136; GO:0016651; GO:0016021; GO:0016020; GO:0055114; GO:0042773; GO:0030964; GO:0005886; GO:0045272; GO:0048038; GO:0005515; GO:0005887; GO:0008137,envelope
ompa,outer membrane protein A,outer membrane protein A,OM,GO:0046930; GO:0016032; GO:0016021; GO:0009597; GO:0006811; GO:0000746; GO:0042834; GO:0030288; GO:0045203; GO:0015075; GO:0019867; GO:0042802; GO:0016020; GO:0006974; GO:0046718; GO:0005515; GO:0015288; GO:0009279,envelope
ompc,outer membrane porin C,outer membrane porin C,OM,GO:0034220; GO:0120010; GO:0015914; GO:0046872; GO:0016021; GO:0016020; GO:0009279; GO:0005515; GO:0006974; GO:0045203; GO:0015288; GO:0046930; GO:0006811,envelope
ompf,outer membrane porin F,outer membrane porin F,OM,GO:0042908; GO:0097718; GO:0070207; GO:0047485; GO:0042802; GO:0034702; GO:0005216; GO:0005515; GO:0043213; GO:0016021; GO:0016020; GO:0006811; GO:0015075; GO:0042912; GO:0034220; GO:0015288; GO:0046930; GO:0009279; GO:0008289; GO:0001530,envelope
ompt,protease 7,protease 7,OM,GO:0016787; GO:0016020; GO:0008233; GO:0031230; GO:0004252; GO:0004175; GO:0016021; GO:0006508; GO:0004190; GO:0009279,envelope
ompx,outer membrane protein X,outer membrane protein X,OM,GO:0044384; GO:0005515; GO:0016021; GO:0016020; GO:0009279,envelope
oppa,oligopeptide ABC transporter periplasmic binding protein,oligopeptide ABC transporter,PE,GO:1904680; GO:0043190; GO:1900750; GO:0055085; GO:0061077; GO:0009408; GO:0015833; GO:0030288; GO:0042597; GO:0015031; GO:0006857,envelope
osme,osmotically-inducible lipoprotein OsmE,osmotically-inducible lipoprotein OsmE,LPO,GO:0005515; GO:0019867; GO:0005886; GO:0016020; GO:0006970,envelope
osmy,periplasmic chaperone OsmY,periplasmic chaperone OsmY,PE,GO:0006970; GO:0006972; GO:0061077; GO:0005515; GO:0030288; GO:0042597,envelope
pal,peptidoglycan-associated outer membrane lipoprotein Pal,The Tol-Pal Cell Envelope Complex,LPO,GO:0007049; GO:0031246; GO:0032153; GO:0051301; GO:0016021; GO:0005515; GO:0016020; GO:0009279,envelope
pita,metal phosphate:H+ symporter PitA,metal phosphate:H+ symporter PitA,IM,GO:0010960; GO:0005515; GO:1902600; GO:0015710; GO:0015654; GO:0005887; GO:0071577; GO:0016020; GO:0006817; GO:1901683; GO:1901684; GO:0035435; GO:0015295; GO:0005385; GO:0005886; GO:0016021; GO:0005315,envelope
plda,outer membrane phospholipase A,outer membrane phospholipase A,OM,GO:0102568; GO:0102567; GO:0052740; GO:0052739; GO:0031230; GO:0008970; GO:0004622; GO:0046471; GO:0046872; GO:0016787; GO:0016021; GO:0016020; GO:0009279; GO:0004620; GO:0006629; GO:0045203; GO:0042803; GO:0016042; GO:0005509; GO:0004623,envelope
plig,inhibitor of g-type lysozyme,inhibitor of g-type lysozyme,PE,GO:0043086; GO:0005829; GO:0030288; GO:0042597; GO:0060241,envelope
pnta,pyridine nucleotide transhydrogenase subunit &alpha;,pyridine nucleotide transhydrogenase,IM,GO:1902600; GO:0050661; GO:0055114; GO:0016491; GO:0016021; GO:0016020; GO:0008746; GO:0000166; GO:0046983; GO:0005515; GO:0005887; GO:0051287; GO:0006740; GO:0005886; GO:0008750,envelope
pntb,pyridine nucleotide transhydrogenase subunit &beta;,pyridine nucleotide transhydrogenase,IM,GO:0055114; GO:0016021; GO:0016020; GO:0005515; GO:0006740; GO:0005886; GO:0005887; GO:0050661; GO:0008746; GO:0008750,envelope
potd,spermidine preferential ABC transporter periplasmic binding protein,spermidine preferential ABC transporter,PE,GO:0019809; GO:0019810; GO:0015847; GO:0015848; GO:0042597; GO:0019808; GO:0015846; GO:0030288,envelope
potf,putrescine ABC transporter periplasmic binding protein,putrescine ABC transporter,PE,GO:0019810; GO:0030288; GO:0015846; GO:0019808; GO:0015847; GO:0042597,envelope
ppia,peptidyl-prolyl cis-trans isomerase A,peptidyl-prolyl cis-trans isomerase A,PE,GO:0000413; GO:0042597; GO:0016853; GO:0003755; GO:0006457; GO:0030288,envelope
ppid,periplasmic folding chaperone,periplasmic folding chaperone,IM,GO:0005887; GO:0000413; GO:0071575; GO:0061077; GO:0042802; GO:0005886; GO:0016853; GO:0016021; GO:0016020; GO:0003755,envelope
prc,tail-specific protease,tail-specific protease,IM,GO:0007165; GO:0046677; GO:0016787; GO:0008233; GO:0030288; GO:0030163; GO:0004175; GO:0005886; GO:0016020; GO:0008236; GO:0006508,envelope
prop,osmolyte:H+ symporter ProP,osmolyte:H<sup>+</sup> symporter ProP,IM,GO:1902600; GO:0071475; GO:0007231; GO:0006865; GO:0005515; GO:0042803; GO:0071474; GO:1905647; GO:0031460; GO:0022857; GO:0016021; GO:0016020; GO:0015293; GO:0055085; GO:0005887; GO:0005297; GO:0005886,envelope
prow,glycine betaine ABC transporter membrane subunit ProW,glycine betaine ABC transporter membrane subunit ProW,IM,GO:1902603; GO:1902495; GO:0015226; GO:0055085; GO:0015837; GO:0005275; GO:0005887; GO:0006972; GO:0043190; GO:0031460; GO:0015871; GO:0005515; GO:0005886; GO:0016021; GO:0016020; GO:0006865,envelope
prox,glycine betaine ABC transporter periplasmic binding protein ProX,glycine betaine ABC transporter periplasmic binding protein ProX,PE,GO:0055085; GO:0043190; GO:0022857; GO:0005515; GO:0030288; GO:0050997; GO:0006972; GO:0031460; GO:0042597; GO:0006865,envelope
pspb,phage shock protein B,phage shock protein B,IM,GO:0009271; GO:0006355; GO:0005886; GO:0016021; GO:0016020,envelope
pspc,phage shock protein C,phage shock protein C,IM,GO:0005515; GO:0010557; GO:0005829; GO:0016021; GO:0016020; GO:0005886,envelope
pspe,thiosulfate sulfurtransferase PspE,thiosulfate sulfurtransferase PspE,PE,GO:0016740; GO:0030288; GO:0042597; GO:0004792,envelope
psts,phosphate ABC transporter periplasmic binding protein,phosphate ABC transporter,PE,GO:0043190; GO:0010921; GO:0009314; GO:0035435; GO:0042301; GO:0006974; GO:0030288; GO:0042597; GO:0006817,envelope
ptra,protease 3,protease 3,PE,GO:0042597; GO:0016787; GO:0008233; GO:0003824; GO:0030288; GO:0008270; GO:0005737; GO:0004222; GO:0046872; GO:0008237; GO:0006508,envelope
ptsg,"EIIBCglc - phosphorylated // ""glucose-specific PTS enzyme IIBC component""",glucose-specific PTS enzyme II,IM,GO:1904659; GO:0005515; GO:0090564; GO:0005829; GO:0098708; GO:0005887; GO:0005355; GO:0016310; GO:0005886; GO:0016740; GO:0016301; GO:0016021; GO:0016020; GO:0008982; GO:0008643; GO:0009401,envelope
ptsg,"EIIBCglc - phosphorylated // ""glucose-specific PTS enzyme IIBC component""",Mlc-PtsG,IM,GO:1904659; GO:0005515; GO:0090564; GO:0005829; GO:0098708; GO:0005887; GO:0005355; GO:0016310; GO:0005886; GO:0016740; GO:0016301; GO:0016021; GO:0016020; GO:0008982; GO:0008643; GO:0009401,envelope
rbsb,ribose ABC transporter periplasmic binding protein,ribose ABC transporter,PE,GO:0015752; GO:0050918; GO:0048029; GO:0005515; GO:0030288; GO:0042597; GO:0008643; GO:0006935,envelope
rbsc,ribose ABC transporter membrane subunit,ribose ABC transporter,IM,GO:0055085; GO:0022857; GO:0015752; GO:0015591; GO:0005515; GO:0043190; GO:0005887; GO:0005886; GO:0016021; GO:0016020; GO:0008643,envelope
rcsd,"RcsD-N-phospho-L-histidine // ""RcsD phosphotransferase""","RcsD-N-phospho-L-histidine // ""RcsD phosphotransferase""",IM,GO:0005886; GO:0046777; GO:0023014; GO:0016774; GO:0004673; GO:0000155; GO:0005515; GO:0016740; GO:0016301; GO:0016021; GO:0016020; GO:0005524; GO:0000166; GO:0016310; GO:0009927; GO:0005887; GO:0018106; GO:0000160,envelope
rcsf,sensor lipoprotein RcsF,sensor lipoprotein RcsF,LPO,GO:0036406; GO:0035556; GO:0070299; GO:0036460; GO:0007165; GO:0031240; GO:0031241; GO:0005515; GO:0016020; GO:0009279,envelope
rlpa,rare lipoprotein RlpA,rare lipoprotein RlpA,LPO,GO:0008932; GO:0000270; GO:0043093; GO:0071555; GO:0016829; GO:0042834; GO:0009279; GO:0005886; GO:0016020,envelope
rne,ribonuclease E,degradosome,IM,GO:0090502; GO:0004521; GO:1990061; GO:0042802; GO:1902280; GO:0017151; GO:0008312; GO:0051289; GO:0003676; GO:0090501; GO:0090305; GO:0008995; GO:0046872; GO:0016020; GO:0009898; GO:0008270; GO:0008033; GO:0006402; GO:0006364; GO:0000287; GO:0006396; GO:0004540; GO:0005886; GO:0005737; GO:0000967; GO:0016787; GO:0005515; GO:0004519; GO:0004518; GO:0003723; GO:0006401,envelope
rne,ribonuclease E,ribonuclease E,IM,GO:0090502; GO:0004521; GO:1990061; GO:0042802; GO:1902280; GO:0017151; GO:0008312; GO:0051289; GO:0003676; GO:0090501; GO:0090305; GO:0008995; GO:0046872; GO:0016020; GO:0009898; GO:0008270; GO:0008033; GO:0006402; GO:0006364; GO:0000287; GO:0006396; GO:0004540; GO:0005886; GO:0005737; GO:0000967; GO:0016787; GO:0005515; GO:0004519; GO:0004518; GO:0003723; GO:0006401,envelope
rodz,transmembrane component of cytoskeleton,transmembrane component of cytoskeleton,IM,GO:0043093; GO:0016021; GO:0016020; GO:0003677; GO:0005887; GO:0005886; GO:0008360; GO:0005515,envelope
rseb,anti-sigma factor stabilizing protein RseB,anti-sigma factor stabilizing protein RseB,PE,GO:0032885; GO:0042802; GO:0045152; GO:0050821; GO:0008289; GO:0030288; GO:0005515; GO:0042597,envelope
rsep,intramembrane zinc metalloprotease RseP,intramembrane zinc metalloprotease RseP,IM,GO:0045893; GO:0016787; GO:0016021; GO:0016020; GO:0008237; GO:0008233; GO:0005886; GO:0043856; GO:0045152; GO:0006950; GO:0005887; GO:0046872; GO:0004222; GO:0006508,envelope
rstb,"sensory histidine kinase RstB - phosphorylated // ""sensory histidine kinase RstB""","sensory histidine kinase RstB - phosphorylated // ""sensory histidine kinase RstB""",IM,GO:0047484; GO:0005887; GO:0000160; GO:0023014; GO:0016310; GO:0007165; GO:0016772; GO:0005524; GO:0000166; GO:0046777; GO:0005886; GO:0018106; GO:0016740; GO:0016301; GO:0016021; GO:0016020; GO:0004673; GO:0000155,envelope
rsxb,SoxR [2Fe-2S] reducing system protein RsxB,SoxR [2Fe-2S] reducing system protein RsxB,IM,GO:0005887; GO:0055114; GO:0009055; GO:0022900; GO:0005886; GO:0051539; GO:0051536; GO:0046872; GO:0016020,envelope
rsxg,SoxR [2Fe-2S] reducing system protein RsxG,SoxR [2Fe-2S] reducing system protein RsxG,IM,GO:0009279; GO:0055114; GO:0010181; GO:0009055; GO:0022900; GO:0005886; GO:0016021; GO:0016020,envelope
sbp,sulfate/thiosulfate ABC transporter periplasmic binding protein Sbp,sulfate/thiosulfate ABC transporter,PE,GO:1901681; GO:1902358; GO:0042597; GO:0043199; GO:0030288; GO:0008272; GO:0015419; GO:0006790,envelope
seca,protein translocation ATPase,protein translocation ATPase,IM,GO:0008270; GO:0015031; GO:0005737; GO:0070678; GO:0006886; GO:0031522; GO:0061077; GO:0005887; GO:0015462; GO:0016020; GO:0046872; GO:0017038; GO:0005829; GO:0042802; GO:0043952; GO:0005886; GO:0065002; GO:0006605; GO:0005524; GO:0005515; GO:0000166,envelope
secd,Sec translocon accessory complex subunit SecD,Sec Holo-Translocon,IM,GO:0065002; GO:0043952; GO:0006605; GO:0005515; GO:0015450; GO:0006886; GO:0005886; GO:0016021; GO:0016020; GO:0015031,envelope
secd,Sec translocon accessory complex subunit SecD,Sec translocon accessory complex,IM,GO:0065002; GO:0043952; GO:0006605; GO:0005515; GO:0015450; GO:0006886; GO:0005886; GO:0016021; GO:0016020; GO:0015031,envelope
sece,Sec translocon subunit SecE,Sec Holo-Translocon,IM,GO:0005515; GO:0008320; GO:0032978; GO:0006616; GO:0016020; GO:0015031; GO:0006886; GO:0015450; GO:0009306; GO:0006605; GO:0031522; GO:0005887; GO:0043952; GO:0005886; GO:0065002; GO:0016021,envelope
sece,Sec translocon subunit SecE,SecYEG translocon,IM,GO:0005515; GO:0008320; GO:0032978; GO:0006616; GO:0016020; GO:0015031; GO:0006886; GO:0015450; GO:0009306; GO:0006605; GO:0031522; GO:0005887; GO:0043952; GO:0005886; GO:0065002; GO:0016021,envelope
secf,Sec translocon accessory complex subunit SecF,Sec Holo-Translocon,IM,GO:0065002; GO:0043952; GO:0006605; GO:0015450; GO:0006886; GO:0005886; GO:0016021; GO:0016020; GO:0015031,envelope
secf,Sec translocon accessory complex subunit SecF,Sec translocon accessory complex,IM,GO:0065002; GO:0043952; GO:0006605; GO:0015450; GO:0006886; GO:0005886; GO:0016021; GO:0016020; GO:0015031,envelope
secg,Sec translocon subunit SecG,Sec Holo-Translocon,IM,GO:0015450; GO:0006886; GO:0032978; GO:0006616; GO:0005887; GO:0008320; GO:0031522; GO:0005515; GO:0016020; GO:0015031; GO:0009306; GO:0043952; GO:0005886; GO:0065002; GO:0016021,envelope
secg,Sec translocon subunit SecG,SecYEG translocon,IM,GO:0015450; GO:0006886; GO:0032978; GO:0006616; GO:0005887; GO:0008320; GO:0031522; GO:0005515; GO:0016020; GO:0015031; GO:0009306; GO:0043952; GO:0005886; GO:0065002; GO:0016021,envelope
secy,Sec translocon subunit SecY,Sec Holo-Translocon,IM,GO:0006605; GO:1901612; GO:0006886; GO:0005048; GO:0031522; GO:0008320; GO:0032978; GO:0006616; GO:0005887; GO:0016020; GO:0015031; GO:0043952; GO:0005886; GO:0065002; GO:0016021; GO:0005515,envelope
secy,Sec translocon subunit SecY,SecYEG translocon,IM,GO:0006605; GO:1901612; GO:0006886; GO:0005048; GO:0031522; GO:0008320; GO:0032978; GO:0006616; GO:0005887; GO:0016020; GO:0015031; GO:0043952; GO:0005886; GO:0065002; GO:0016021; GO:0005515,envelope
skp,periplasmic chaperone Skp,periplasmic chaperone Skp,PE,GO:0042802; GO:0022417; GO:0006457; GO:0061077; GO:0009279; GO:0042597; GO:0030288; GO:0032978; GO:0043165; GO:0050821; GO:0051082; GO:0001530; GO:0005515,envelope
slp,starvation lipoprotein,starvation lipoprotein,LPO,GO:0042802; GO:0019867; GO:0009279; GO:0016020; GO:0009279,envelope
slyb,outer membrane lipoprotein SlyB,outer membrane lipoprotein SlyB,LPO,GO:0019867; GO:0009279; GO:0009279; GO:0016020,envelope
sodc,superoxide dismutase (Cu-Zn),superoxide dismutase (Cu-Zn),PE,GO:0019430; GO:0046872; GO:0016491; GO:0016209; GO:0030288; GO:0055114; GO:0042597; GO:0008270; GO:0006801; GO:0005507; GO:0004784,envelope
sohb,S49 peptidase family protein,S49 peptidase family protein,IM,GO:0005887; GO:0004252; GO:0008236; GO:0005886; GO:0016787; GO:0016021; GO:0016020; GO:0008233; GO:0006508,envelope
sppa,"protease IV, a signal peptide peptidase","protease IV, a signal peptide peptidase",IM,GO:0016787; GO:0016021; GO:0008233; GO:0005886; GO:0006465; GO:0005887; GO:0004175; GO:0008236; GO:0016020; GO:0006508,envelope
spy,ATP-independent periplasmic chaperone,ATP-independent periplasmic chaperone,PE,GO:0005515; GO:0014070; GO:0051082; GO:1990507; GO:0061077; GO:0042803; GO:0030288; GO:0042597,envelope
srle,sorbitol-specific PTS enzyme IIBC1 component,sorbitol-specific PTS enzyme II,IM,GO:0034219; GO:0090563; GO:0005887; GO:0016310; GO:0005886; GO:0016740; GO:0016301; GO:0016021; GO:0016020; GO:0008982; GO:0008643; GO:0009401,envelope
sura,peptidyl-prolyl cis-trans isomerase SurA,peptidyl-prolyl cis-trans isomerase SurA,PE,GO:0061077; GO:0000413; GO:0042597; GO:0016853; GO:0060274; GO:0030288; GO:0042710; GO:0043165; GO:0050821; GO:0005515; GO:0042277; GO:0051082; GO:0003755; GO:0006457,envelope
tama,translocation and assembly module subunit TamA,translocation and assembly module,OM,GO:0089705; GO:0005515; GO:0015031; GO:0019867; GO:0016020; GO:0045203; GO:0016021; GO:0097347; GO:0009306; GO:0009279; GO:0009279,envelope
tamb,translocation and assembly module subunit TamB,translocation and assembly module,IM,GO:0089705; GO:0005515; GO:0009279; GO:0016021; GO:0016020; GO:0005886; GO:0097347; GO:0005887; GO:0009306,envelope
tap,methyl-accepting chemotaxis protein Tap,methyl-accepting chemotaxis protein - dipeptide-sensing,IM,GO:0005887; GO:0004888; GO:0005886; GO:0016021; GO:0016020; GO:0007165; GO:0006935,envelope
tap,methyl-accepting chemotaxis protein Tap,chemotaxis signaling complex - dipeptide sensing,IM,GO:0005887; GO:0004888; GO:0005886; GO:0016021; GO:0016020; GO:0007165; GO:0006935,envelope
tap,methyl-accepting chemotaxis protein Tap,Tap<SUP>gln</SUP>,IM,GO:0005887; GO:0004888; GO:0005886; GO:0016021; GO:0016020; GO:0007165; GO:0006935,envelope
tap,methyl-accepting chemotaxis protein Tap,Tap<SUP>glu</SUP>,IM,GO:0005887; GO:0004888; GO:0005886; GO:0016021; GO:0016020; GO:0007165; GO:0006935,envelope
tap,methyl-accepting chemotaxis protein Tap,Tap<SUP>glu-Me</SUP>,IM,GO:0005887; GO:0004888; GO:0005886; GO:0016021; GO:0016020; GO:0007165; GO:0006935,envelope
tar,methyl-accepting chemotaxis protein Tar,methyl-accepting chemotaxis protein Tar,IM,GO:1901875; GO:0098561; GO:0071230; GO:0051260; GO:0050920; GO:0042803; GO:0009593; GO:0007172; GO:0043424; GO:0005887; GO:0004888; GO:0005515; GO:0005886; GO:0016021; GO:0016020; GO:0007165; GO:0006935,envelope
tar,methyl-accepting chemotaxis protein Tar,chemotaxis signaling complex - aspartate sensing,IM,GO:1901875; GO:0098561; GO:0071230; GO:0051260; GO:0050920; GO:0042803; GO:0009593; GO:0007172; GO:0043424; GO:0005887; GO:0004888; GO:0005515; GO:0005886; GO:0016021; GO:0016020; GO:0007165; GO:0006935,envelope
tar,methyl-accepting chemotaxis protein Tar,Tar<SUP>gln</SUP>,IM,GO:1901875; GO:0098561; GO:0071230; GO:0051260; GO:0050920; GO:0042803; GO:0009593; GO:0007172; GO:0043424; GO:0005887; GO:0004888; GO:0005515; GO:0005886; GO:0016021; GO:0016020; GO:0007165; GO:0006935,envelope
tar,methyl-accepting chemotaxis protein Tar,Tar<SUP>glu</SUP>,IM,GO:1901875; GO:0098561; GO:0071230; GO:0051260; GO:0050920; GO:0042803; GO:0009593; GO:0007172; GO:0043424; GO:0005887; GO:0004888; GO:0005515; GO:0005886; GO:0016021; GO:0016020; GO:0007165; GO:0006935,envelope
tar,methyl-accepting chemotaxis protein Tar,Tar<SUP>glu-Me</SUP>,IM,GO:1901875; GO:0098561; GO:0071230; GO:0051260; GO:0050920; GO:0042803; GO:0009593; GO:0007172; GO:0043424; GO:0005887; GO:0004888; GO:0005515; GO:0005886; GO:0016021; GO:0016020; GO:0007165; GO:0006935,envelope
tata,twin arginine protein translocation system - TatA protein,twin arginine protein translocation system,IM,GO:0008320; GO:0005515; GO:0005829; GO:0042802; GO:0065002; GO:0016020; GO:0005886; GO:0043953; GO:0005887; GO:0033281; GO:0009977; GO:0015031; GO:0016021,envelope
tesa,multifunctional acyl-CoA thioesterase I and protease I and lysophospholipase L1,multifunctional acyl-CoA thioesterase I and protease I and lysophospholipase L1,PE,GO:0102991; GO:0016297; GO:0016296; GO:0016295; GO:0004320; GO:0004064; GO:0042597; GO:0016787; GO:0016298; GO:0042802; GO:0006629; GO:0006508; GO:0047617; GO:0016290; GO:0030288; GO:0004622; GO:0008233,envelope
tola,Tol-Pal system protein TolA,The Tol-Pal Cell Envelope Complex,IM,GO:1901998; GO:0019534; GO:0007049; GO:0097718; GO:0046790; GO:0019904; GO:0017038; GO:0046718; GO:0071237; GO:0032153; GO:0051301; GO:0005887; GO:0016020; GO:0005515; GO:0005886; GO:0043213; GO:0016021,envelope
tolb,Tol-Pal system periplasmic protein TolB,The Tol-Pal Cell Envelope Complex,PE,GO:0044877; GO:0032991; GO:0007049; GO:0019904; GO:0071237; GO:0032153; GO:0051301; GO:0042597; GO:0015031; GO:0005515; GO:0030288; GO:0043213; GO:0017038,envelope
tolc,outer membrane channel TolC,multidrug efflux pump EmrAB-TolC,OM,GO:0047485; GO:0034220; GO:0005216; GO:0045203; GO:0030288; GO:0015721; GO:0015125; GO:0042931; GO:0009636; GO:0042493; GO:0055085; GO:1990196; GO:1990281; GO:0005515; GO:0042802; GO:0046677; GO:0019867; GO:0016020; GO:0015562; GO:0015288; GO:0042930; GO:0014070; GO:0009279; GO:0016021,envelope
tolc,outer membrane channel TolC,multidrug efflux pump AcrEF-TolC,OM,GO:0047485; GO:0034220; GO:0005216; GO:0045203; GO:0030288; GO:0015721; GO:0015125; GO:0042931; GO:0009636; GO:0042493; GO:0055085; GO:1990196; GO:1990281; GO:0005515; GO:0042802; GO:0046677; GO:0019867; GO:0016020; GO:0015562; GO:0015288; GO:0042930; GO:0014070; GO:0009279; GO:0016021,envelope
tolc,outer membrane channel TolC,tripartite efflux pump EmrKY-TolC,OM,GO:0047485; GO:0034220; GO:0005216; GO:0045203; GO:0030288; GO:0015721; GO:0015125; GO:0042931; GO:0009636; GO:0042493; GO:0055085; GO:1990196; GO:1990281; GO:0005515; GO:0042802; GO:0046677; GO:0019867; GO:0016020; GO:0015562; GO:0015288; GO:0042930; GO:0014070; GO:0009279; GO:0016021,envelope
tolc,outer membrane channel TolC,multidrug efflux pump AcrAD-TolC,OM,GO:0047485; GO:0034220; GO:0005216; GO:0045203; GO:0030288; GO:0015721; GO:0015125; GO:0042931; GO:0009636; GO:0042493; GO:0055085; GO:1990196; GO:1990281; GO:0005515; GO:0042802; GO:0046677; GO:0019867; GO:0016020; GO:0015562; GO:0015288; GO:0042930; GO:0014070; GO:0009279; GO:0016021,envelope
tolc,outer membrane channel TolC,outer membrane channel TolC,OM,GO:0047485; GO:0034220; GO:0005216; GO:0045203; GO:0030288; GO:0015721; GO:0015125; GO:0042931; GO:0009636; GO:0042493; GO:0055085; GO:1990196; GO:1990281; GO:0005515; GO:0042802; GO:0046677; GO:0019867; GO:0016020; GO:0015562; GO:0015288; GO:0042930; GO:0014070; GO:0009279; GO:0016021,envelope
tolc,outer membrane channel TolC,ABC-type tripartite efflux pump,OM,GO:0047485; GO:0034220; GO:0005216; GO:0045203; GO:0030288; GO:0015721; GO:0015125; GO:0042931; GO:0009636; GO:0042493; GO:0055085; GO:1990196; GO:1990281; GO:0005515; GO:0042802; GO:0046677; GO:0019867; GO:0016020; GO:0015562; GO:0015288; GO:0042930; GO:0014070; GO:0009279; GO:0016021,envelope
tolc,outer membrane channel TolC,multidrug efflux pump AcrAB-TolC,OM,GO:0047485; GO:0034220; GO:0005216; GO:0045203; GO:0030288; GO:0015721; GO:0015125; GO:0042931; GO:0009636; GO:0042493; GO:0055085; GO:1990196; GO:1990281; GO:0005515; GO:0042802; GO:0046677; GO:0019867; GO:0016020; GO:0015562; GO:0015288; GO:0042930; GO:0014070; GO:0009279; GO:0016021,envelope
tolc,outer membrane channel TolC,multidrug efflux pump MdtABC-TolC,OM,GO:0047485; GO:0034220; GO:0005216; GO:0045203; GO:0030288; GO:0015721; GO:0015125; GO:0042931; GO:0009636; GO:0042493; GO:0055085; GO:1990196; GO:1990281; GO:0005515; GO:0042802; GO:0046677; GO:0019867; GO:0016020; GO:0015562; GO:0015288; GO:0042930; GO:0014070; GO:0009279; GO:0016021,envelope
tolc,outer membrane channel TolC,multidrug efflux pump MdtEF-TolC,OM,GO:0047485; GO:0034220; GO:0005216; GO:0045203; GO:0030288; GO:0015721; GO:0015125; GO:0042931; GO:0009636; GO:0042493; GO:0055085; GO:1990196; GO:1990281; GO:0005515; GO:0042802; GO:0046677; GO:0019867; GO:0016020; GO:0015562; GO:0015288; GO:0042930; GO:0014070; GO:0009279; GO:0016021,envelope
tolq,Tol-Pal system protein TolQ,The Tol-Pal Cell Envelope Complex,IM,GO:0007049; GO:0030313; GO:0032153; GO:0051301; GO:0005515; GO:0005887; GO:0016020; GO:0017038; GO:0005886; GO:0043213; GO:0016021,envelope
tolr,Tol-Pal system protein TolR,The Tol-Pal Cell Envelope Complex,IM,GO:0007049; GO:0055085; GO:0022857; GO:0032153; GO:0051301; GO:0005515; GO:0005887; GO:0016020; GO:0015031; GO:0005886; GO:0043213; GO:0016021,envelope
tonb,Ton complex subunit TonB,energy transducing Ton complex,IM,GO:0055085; GO:0019904; GO:0015343; GO:0071575; GO:0098797; GO:0098002; GO:0044718; GO:0016020; GO:0030288; GO:0005515; GO:0015891; GO:0042914; GO:0031992; GO:0015889; GO:0005886; GO:0043213; GO:0016021; GO:0015031,envelope
tonb,Ton complex subunit TonB,vitamin B12 outer membrane transport complex,IM,GO:0055085; GO:0019904; GO:0015343; GO:0071575; GO:0098797; GO:0098002; GO:0044718; GO:0016020; GO:0030288; GO:0005515; GO:0015891; GO:0042914; GO:0031992; GO:0015889; GO:0005886; GO:0043213; GO:0016021; GO:0015031,envelope
tonb,Ton complex subunit TonB,ferric enterobactin outer membrane transport complex,IM,GO:0055085; GO:0019904; GO:0015343; GO:0071575; GO:0098797; GO:0098002; GO:0044718; GO:0016020; GO:0030288; GO:0005515; GO:0015891; GO:0042914; GO:0031992; GO:0015889; GO:0005886; GO:0043213; GO:0016021; GO:0015031,envelope
tonb,Ton complex subunit TonB,ferrichrome outer membrane transport complex,IM,GO:0055085; GO:0019904; GO:0015343; GO:0071575; GO:0098797; GO:0098002; GO:0044718; GO:0016020; GO:0030288; GO:0005515; GO:0015891; GO:0042914; GO:0031992; GO:0015889; GO:0005886; GO:0043213; GO:0016021; GO:0015031,envelope
tonb,Ton complex subunit TonB,ferric citrate outer membrane transport complex,IM,GO:0055085; GO:0019904; GO:0015343; GO:0071575; GO:0098797; GO:0098002; GO:0044718; GO:0016020; GO:0030288; GO:0005515; GO:0015891; GO:0042914; GO:0031992; GO:0015889; GO:0005886; GO:0043213; GO:0016021; GO:0015031,envelope
tonb,Ton complex subunit TonB,ferric coprogen outer membrane transport complex,IM,GO:0055085; GO:0019904; GO:0015343; GO:0071575; GO:0098797; GO:0098002; GO:0044718; GO:0016020; GO:0030288; GO:0005515; GO:0015891; GO:0042914; GO:0031992; GO:0015889; GO:0005886; GO:0043213; GO:0016021; GO:0015031,envelope
tora,trimethylamine N-oxide reductase 1,menaquinol:trimethylamine <i>N</i>-oxide oxidoreductase I,PE,GO:0030151; GO:0043546; GO:0019645; GO:0042597; GO:0009055; GO:0055114; GO:0046872; GO:0005515; GO:0030288; GO:0009060; GO:0016491; GO:0050626; GO:0009061,envelope
tort,"TorT-TMAO // ""periplasmic trimethylamine-N-oxide binding protein""","TorT-TMAO // ""periplasmic trimethylamine-N-oxide binding protein""",PE,GO:0030288; GO:0009061; GO:0042597,envelope
torz,trimethylamine N-oxide reductase 2,trimethylamine N-oxide reductase 2,PE,GO:0030151; GO:0019645; GO:0009061; GO:0043546; GO:0046872; GO:0016491; GO:0009055; GO:0030288; GO:0055114; GO:0042597; GO:0050626,envelope
trea,periplasmic trehalase,periplasmic trehalase,PE,GO:0003824; GO:0042597; GO:0016798; GO:0016787; GO:0008152; GO:0005991; GO:0006974; GO:0005993; GO:0071474; GO:0030288; GO:0004555,envelope
trg,methyl-accepting chemotaxis protein Trg,methyl-accepting chemotaxis protein Trg - ribose/galactose/glucose-sensing,IM,GO:0098561; GO:0042803; GO:0005515; GO:0005887; GO:0004888; GO:0005886; GO:0016021; GO:0016020; GO:0007165; GO:0006935,envelope
trg,methyl-accepting chemotaxis protein Trg,chemotaxis signaling complex - ribose/galactose/glucose sensing,IM,GO:0098561; GO:0042803; GO:0005515; GO:0005887; GO:0004888; GO:0005886; GO:0016021; GO:0016020; GO:0007165; GO:0006935,envelope
trg,methyl-accepting chemotaxis protein Trg,Trg<SUP>gln</SUP>,IM,GO:0098561; GO:0042803; GO:0005515; GO:0005887; GO:0004888; GO:0005886; GO:0016021; GO:0016020; GO:0007165; GO:0006935,envelope
trg,methyl-accepting chemotaxis protein Trg,Trg<SUP>glu</SUP>,IM,GO:0098561; GO:0042803; GO:0005515; GO:0005887; GO:0004888; GO:0005886; GO:0016021; GO:0016020; GO:0007165; GO:0006935,envelope
trg,methyl-accepting chemotaxis protein Trg,Trg<SUP>glu-Me</SUP>,IM,GO:0098561; GO:0042803; GO:0005515; GO:0005887; GO:0004888; GO:0005886; GO:0016021; GO:0016020; GO:0007165; GO:0006935,envelope
tsr,methyl-accepting chemotaxis protein Tsr,methyl-accepting chemotaxis protein - serine-sensing,IM,GO:0048870; GO:0043113; GO:0042803; GO:0032110; GO:0016021; GO:0016020; GO:0009593; GO:0007172; GO:0007165; GO:0006935; GO:0005887; GO:0005886; GO:0005515; GO:0004888; GO:0050920; GO:0051260; GO:0071230; GO:0098561; GO:1902021,envelope
tsr,methyl-accepting chemotaxis protein Tsr,chemotaxis signaling complex - serine sensing,IM,GO:0048870; GO:0043113; GO:0042803; GO:0032110; GO:0016021; GO:0016020; GO:0009593; GO:0007172; GO:0007165; GO:0006935; GO:0005887; GO:0005886; GO:0005515; GO:0004888; GO:0050920; GO:0051260; GO:0071230; GO:0098561; GO:1902021,envelope
tsr,methyl-accepting chemotaxis protein Tsr,Tsr<SUP>gln</SUP>,IM,GO:0048870; GO:0043113; GO:0042803; GO:0032110; GO:0016021; GO:0016020; GO:0009593; GO:0007172; GO:0007165; GO:0006935; GO:0005887; GO:0005886; GO:0005515; GO:0004888; GO:0050920; GO:0051260; GO:0071230; GO:0098561; GO:1902021,envelope
tsr,methyl-accepting chemotaxis protein Tsr,Tsr<SUP>glu</SUP>,IM,GO:0048870; GO:0043113; GO:0042803; GO:0032110; GO:0016021; GO:0016020; GO:0009593; GO:0007172; GO:0007165; GO:0006935; GO:0005887; GO:0005886; GO:0005515; GO:0004888; GO:0050920; GO:0051260; GO:0071230; GO:0098561; GO:1902021,envelope
tsr,methyl-accepting chemotaxis protein Tsr,Tsr<SUP>glu-Me</SUP>,IM,GO:0048870; GO:0043113; GO:0042803; GO:0032110; GO:0016021; GO:0016020; GO:0009593; GO:0007172; GO:0007165; GO:0006935; GO:0005887; GO:0005886; GO:0005515; GO:0004888; GO:0050920; GO:0051260; GO:0071230; GO:0098561; GO:1902021,envelope
tsx,nucleoside-specific channel-forming protein Tsx,nucleoside-specific channel-forming protein Tsx,OM,GO:1901642; GO:0055085; GO:0016021; GO:0016020; GO:0015288; GO:0005337; GO:0015858; GO:0015471; GO:0046930; GO:0046718; GO:0006811; GO:0009279,envelope
ubib,ubiquinone biosynthesis protein UbiB,ubiquinone biosynthesis protein UbiB,IM,GO:0010795; GO:0006468; GO:0004672; GO:0016740; GO:0016310; GO:0016301; GO:0005524; GO:0000166; GO:0005886; GO:0016021; GO:0016020; GO:0006744,envelope
ubid,3-octaprenyl-4-hydroxybenzoate decarboxylase,3-octaprenyl-4-hydroxybenzoate decarboxylase,IM,GO:0034214; GO:0030145; GO:0032150; GO:0048037; GO:0046872; GO:0005829; GO:0016831; GO:0016829; GO:0042802; GO:0005886; GO:0016020; GO:0008694; GO:0006744,envelope
ugpb,sn-glycerol 3-phosphate ABC transporter periplasmic binding protein,<i>sn</i>-glycerol 3-phosphate / glycerophosphodiester ABC transporter,PE,GO:0055085; GO:0001407; GO:0030288; GO:0015794; GO:0042597,envelope
usha,5'-nucleotidase / UDP-sugar hydrolase,5'-nucleotidase / UDP-sugar hydrolase,PE,GO:0016311; GO:0042597; GO:0016788; GO:0016787; GO:0030288; GO:0046872; GO:0009166; GO:0000166; GO:0008253; GO:0008768,envelope
waaa,KDO transferase,KDO transferase,IM,GO:0005887; GO:0009103; GO:0009244; GO:0036104; GO:0005886; GO:0016740; GO:0016021; GO:0016020; GO:0009245,envelope
wzzb,regulator of length of O-antigen component of lipopolysaccharide chains,Enterobacterial Common Antigen Biosynthesis Protein Complex,IM,GO:0018108; GO:0004713; GO:0005886; GO:0016021; GO:0016020; GO:0009103,envelope
wzze,enterobacterial common antigen polysaccharide co-polymerase,enterobacterial common antigen polysaccharide co-polymerase,IM,GO:0018108; GO:0005887; GO:0004713; GO:0005886; GO:0016021; GO:0016020; GO:0009103; GO:0009246,envelope
xanp,YICE-MONOMER,YICE-MONOMER,IM,GO:0022857; GO:0016021; GO:0016020; GO:0005886; GO:0055085; GO:0042906; GO:0042907; GO:0005887,envelope
xylf,xylose ABC transporter periplasmic binding protein,xylose ABC transporter,PE,GO:0042732; GO:0008643; GO:0030288; GO:0042597; GO:0048029; GO:0015752; GO:0015753,envelope
yacc,putative lipoprotein YacC,putative lipoprotein YacC,PE,no ontology,envelope
yagu,inner membrane protein that contributes to acid resistance,inner membrane protein that contributes to acid resistance,IM,GO:0005886; GO:0010447; GO:0016021; GO:0016020,envelope
yaho,DUF1471 domain-containing protein YahO,DUF1471 domain-containing protein YahO,PE,GO:0009314; GO:0042597,envelope
yaiw,surface-exposed outer membrane lipoprotein,surface-exposed outer membrane lipoprotein,LPO,GO:0005829; GO:1901652; GO:0031240; GO:0006351,envelope
yajc,Sec translocon accessory complex subunit YajC,Sec Holo-Translocon,IM,GO:0005515; GO:0015031; GO:0016021; GO:0016020; GO:0005886; GO:0005887; GO:0031522,envelope
yajc,Sec translocon accessory complex subunit YajC,Sec translocon accessory complex,IM,GO:0005515; GO:0015031; GO:0016021; GO:0016020; GO:0005886; GO:0005887; GO:0031522,envelope
yajg,putative lipoprotein YajG,putative lipoprotein YajG,LPO,GO:0005886; GO:0016020,envelope
ybay,PF09619 family lipoprotein YbaY,PF09619 family lipoprotein YbaY,LPO,GO:0005515; GO:0030288; GO:0005886; GO:0016020,envelope
ybgs,PF13985 family protein YbgS,PF13985 family protein YbgS,PE,no ontology,envelope
ybhc,outer membrane lipoprotein YhbC,outer membrane lipoprotein YhbC,LPO,GO:0016020; GO:0042545; GO:0030599; GO:0045330; GO:0016787; GO:0009279,envelope
ybhg,HlyD_D23 family protein YbhG,HlyD_D23 family protein YbhG,IM,GO:0006810; GO:0046677; GO:0005886; GO:0042597,envelope
ybhl,Bax1-I family protein YbhL,Bax1-I family protein YbhL,IM,GO:0005886; GO:0016021; GO:0016020,envelope
ybjp,DUF3828 domain-containing lipoprotein YbjP,DUF3828 domain-containing lipoprotein YbjP,LPO,GO:0005886; GO:0016020,envelope
yccf,PF03733 family inner membrane protein YccF,PF03733 family inner membrane protein YccF,IM,GO:0005886; GO:0016021; GO:0016020,envelope
ycei,protein YceI,protein YceI,PE,GO:0030288; GO:0042597,envelope
ycjf,DUF697 domain-containing inner membrane protein YcjF,DUF697 domain-containing inner membrane protein YcjF,IM,GO:0005886; GO:0016021; GO:0016020,envelope
ydcl,DUF3313 domain-containing lipoprotein YdcL,DUF3313 domain-containing lipoprotein YdcL,LPO,GO:0030288; GO:0005886; GO:0016020,envelope
yddb,putative TonB-dependent receptor,putative TonB-dependent receptor,OM,GO:0009279,envelope
yden,putative sulfatase YdeN,putative sulfatase YdeN,PE,GO:0004065; GO:0030288; GO:0008484; GO:0003824; GO:0046872; GO:0016787,envelope
ydgh,DUF1471 domain-containing protein YdgH,DUF1471 domain-containing protein YdgH,PE,no ontology,envelope
yeay,Slp family lipoprotein YeaY,Slp family lipoprotein YeaY,LPO,GO:0019867; GO:0005886; GO:0016020,envelope
yebe,DUF533 domain-containing inner membrane protein YebE,DUF533 domain-containing inner membrane protein YebE,IM,GO:0005887; GO:0005886; GO:0016021; GO:0016020,envelope
yebo,uncharacterized protein YebO,uncharacterized protein YebO,IM,GO:0005887; GO:0005886; GO:0016021; GO:0016020,envelope
yeja,putative oligopeptide ABC transporter periplasmic binding protein YejA,putative oligopeptide ABC transporter,PE,GO:1904680; GO:0043190; GO:0006857; GO:0055085; GO:0030288; GO:0042884,envelope
yfaz,putative porin YfaZ,putative porin YfaZ,OM,GO:0016020; GO:0009279,envelope
yfdh,CPS-53 (KpLE1) prophage; bactoprenol glucosyl transferase,CPS-53 (KpLE1) prophage; bactoprenol glucosyl transferase,IM,GO:0005515; GO:0005886; GO:0016757; GO:0016740; GO:0016021; GO:0016020,envelope
yfey,DUF1131 domain-containing lipoprotein YfeY,DUF1131 domain-containing lipoprotein YfeY,LPO,no ontology,envelope
yfgm,ancillary SecYEG translocon subunit,ancillary SecYEG translocon subunit,IM,GO:0005515; GO:0044877; GO:0016021; GO:0016020; GO:0032991; GO:0071575,envelope
yfhm,&alpha;2-macroglobulin,&alpha;2-macroglobulin,LPI,GO:0030414; GO:0010466; GO:0005615; GO:0042803; GO:0031362; GO:0010951; GO:0016020; GO:0005886; GO:0004866,envelope
ygdi,DUF903 domain-containing lipoprotein YgdI,DUF903 domain-containing lipoprotein YgdI,LPO,GO:0030288; GO:0005886; GO:0016020,envelope
ygge,uncharacterized protein YggE,uncharacterized protein YggE,PE,GO:0030288; GO:0071575; GO:0042802; GO:0034605; GO:0006974; GO:0034614,envelope
yggn,putative EcfF,putative EcfF,PE,GO:0042710,envelope
yghj,putative lipoprotein YghJ,putative lipoprotein YghJ,LPI,GO:0005886; GO:0016020,envelope
ygib,DUF1190 domain-containing protein YgiB,DUF1190 domain-containing protein YgiB,OM,GO:0009279; GO:0042710,envelope
ygim,putative signal transduction protein (SH3 domain),putative signal transduction protein (SH3 domain),IM,GO:0005829; GO:0016021; GO:0016020; GO:0005887,envelope
ygiw,BOF family protein YgiW,BOF family protein YgiW,PE,GO:0030288; GO:0071276; GO:0070301; GO:0044011; GO:0042597,envelope
yhcb,DUF1043 domain-containing protein YhcB,DUF1043 domain-containing protein YhcB,IM,GO:0005829; GO:0016021; GO:0016020; GO:0005887; GO:0005886,envelope
yhii,putative membrane fusion protein YhiI,putative membrane fusion protein YhiI,IM,GO:0005887; GO:0005886,envelope
yhje,putative transporter YhjE,putative transporter YhjE,IM,GO:0055085; GO:0022857; GO:0005886; GO:0016021; GO:0016020,envelope
yhjj,peptidase M16 family protein YhjJ,peptidase M16 family protein YhjJ,PE,GO:0046872; GO:0003824; GO:0042597; GO:0016787; GO:0008237; GO:0008233; GO:0006508,envelope
yiad,PF13488 family lipoprotein YiaD,PF13488 family lipoprotein YiaD,IM,GO:0005886; GO:0016021; GO:0016020; GO:0009279,envelope
yiaf,DUF3053 domain-containing protein YiaF,DUF3053 domain-containing protein YiaF,LPI,GO:0044764,envelope
yidc,membrane protein insertase YidC,Sec Holo-Translocon,IM,GO:0065003; GO:0031522; GO:0005887; GO:0016020; GO:0015031; GO:0032977; GO:0005515; GO:0005886; GO:0051205; GO:0016021; GO:0006457,envelope
yidc,membrane protein insertase YidC,Sec translocon accessory complex,IM,GO:0065003; GO:0031522; GO:0005887; GO:0016020; GO:0015031; GO:0032977; GO:0005515; GO:0005886; GO:0051205; GO:0016021; GO:0006457,envelope
yifl,putative lipoprotein YifL,putative lipoprotein YifL,LPO,GO:0005886; GO:0016020,envelope
yiiq,DUF1454 domain-containing protein YiiQ,DUF1454 domain-containing protein YiiQ,PE,no ontology,envelope
yjah,DUF1481 domain-containing protein YjaH,DUF1481 domain-containing protein YjaH,LPO,no ontology,envelope
yjch,DUF485 domain-containing inner membrane protein YjcH,DUF485 domain-containing inner membrane protein YjcH,IM,GO:0005886; GO:0016021; GO:0016020,envelope
yjei,DUF4156 domain-containing lipoprotein YjeI,DUF4156 domain-containing lipoprotein YjeI,LPO,GO:0006974,envelope
yjja,DUF2501 domain-containing protein YjjA,DUF2501 domain-containing protein YjjA,PE,GO:0005829,envelope
ymgd,PF16456 family protein YmgD,PF16456 family protein YmgD,PE,GO:0030288,envelope
yncd,putative TonB-dependent outer membrane receptor,putative TonB-dependent outer membrane receptor,OM,GO:0044718; GO:0042931; GO:0042930; GO:0038023; GO:0033214; GO:0031230; GO:0015685; GO:0015344; GO:0005623; GO:0015891; GO:0016021; GO:0016020; GO:0009279,envelope
ynce,PQQ-like domain-containing protein YncE,PQQ-like domain-containing protein YncE,PE,GO:0003677; GO:0030288,envelope
ynfb,DUF1283 domain-containing protein YnfB,DUF1283 domain-containing protein YnfB,OM,GO:0005515; GO:0009279,envelope
ynfd,DUF1161 domain-containing protein YnfD,DUF1161 domain-containing protein YnfD,PE,no ontology,envelope
ynjb,putative ABC transporter periplasmic binding protein YnjB,"putative transport complex, ABC superfamily",PE,GO:0006810,envelope
ynje,molybdopterin synthase sulfurtransferase,molybdopterin synthase sulfurtransferase,PE,GO:0019346; GO:0016740; GO:0042597; GO:0016783; GO:0004792,envelope
ynjh,DUF1496 domain-containing protein YnjH,DUF1496 domain-containing protein YnjH,PE,no ontology,envelope
yqjc,DUF1090 domain-containing protein YqjC,DUF1090 domain-containing protein YqjC,PE,no ontology,envelope
yqjd,ribosome- and membrane-associated DUF883 domain-containing protein YqjD,ribosome- and membrane-associated DUF883 domain-containing protein YqjD,IM,GO:0043022; GO:0005515; GO:0016020; GO:0005886; GO:0016021; GO:0043024; GO:0060187,envelope
yrap,divisome-associated lipoprotein YraP,divisome-associated lipoprotein YraP,PE,GO:0030288; GO:0006970; GO:0042597; GO:0009279; GO:0032153,envelope
ytfq,galactofuranose ABC transporter periplasmic binding protein,galactofuranose ABC transporter,PE,GO:0030288; GO:0015757; GO:0005534; GO:0042597,envelope
zint,metal-binding protein ZinT,metal-binding protein ZinT,PE,GO:0005623; GO:0006882; GO:0070301; GO:0071276; GO:0046872; GO:0042597; GO:0005829; GO:0008270; GO:0034224; GO:0030288; GO:0046870; GO:0005737,envelope
zipa,cell division protein ZipA,cell division protein ZipA,IM,GO:0043093; GO:0090529; GO:0032153; GO:0016021; GO:0016020; GO:0005886; GO:0051301; GO:0042803; GO:0005887; GO:0007049; GO:0005515; GO:0000917,envelope
znua,Zn2+ ABC transporter periplasmic binding protein,Zn<sup>2+</sup> ABC transporter,PE,GO:0008270; GO:0030001; GO:0007155; GO:0046872; GO:0042597; GO:0006829; GO:0006811,envelope
aaea,aromatic carboxylic acid efflux pump membrane fusion protein,aromatic carboxylic acid efflux pump,IM,GO:0022857; GO:0046942; GO:0055085; GO:0005886; GO:0016021; GO:0016020,envelope
aaeb,aromatic carboxylic acid efflux pump subunit AaeB,aromatic carboxylic acid efflux pump,IM,GO:0055085; GO:0022857; GO:0046942; GO:0005886; GO:0016021; GO:0016020,envelope
aas,fused 2-acylglycerophospho-ethanolamine acyltransferase/acyl-acyl carrier protein synthetase,fused 2-acylglycerophospho-ethanolamine acyltransferase/acyl-acyl carrier protein synthetase,IM,GO:0016874; GO:0016746; GO:0016740; GO:0016020; GO:0003824; GO:0008654; GO:0008152; GO:0006631; GO:0005886; GO:0016021; GO:0005524; GO:0000166; GO:0008779; GO:0008922,envelope
abgt,p-aminobenzoyl glutamate:H+ symporter,p-aminobenzoyl glutamate:H+ symporter,IM,GO:1902604; GO:0006865; GO:0015291; GO:0015814; GO:0015558; GO:0005886; GO:0016021; GO:0016020,envelope
abrb,putative regulator,putative regulator,IM,GO:0010468; GO:0005886; GO:0016021; GO:0016020,envelope
acrf,multidrug efflux pump RND permease AcrF,multidrug efflux pump AcrEF-TolC,IM,GO:0042908; GO:0055085; GO:0022857; GO:0015562; GO:0005886; GO:0016021; GO:0016020,envelope
adep,adenine:H+ symporter,adenine:H+ symporter,IM,GO:1904823; GO:0015205; GO:0005345; GO:1902600; GO:0022857; GO:0005887; GO:0055085; GO:0015207; GO:0015853; GO:0015295; GO:0005886; GO:0016021; GO:0016020,envelope
adic,arginine:agmatine antiporter,arginine:agmatine antiporter,IM,GO:0055085; GO:0022857; GO:0005623; GO:1903826; GO:0005887; GO:0016020; GO:0006865; GO:0003333; GO:0015181; GO:0005886; GO:0016021; GO:0015297; GO:0051454,envelope
aer,"aerotaxis sensor receptor, flavoprotein","aerotaxis sensor receptor, flavoprotein",IM,GO:0005887; GO:0004888; GO:0006935; GO:0042802; GO:0052131; GO:0005886; GO:0016021; GO:0016020; GO:0007165,envelope
alsb,D-allose ABC transporter periplasmic binding protein,D-allose ABC transporter,PE,GO:0048029; GO:0015754; GO:0030288; GO:0042597; GO:0008643;GO:0045893; GO:0045892; GO:0032993; GO:0006524; GO:0005515; GO:0003677; GO:0042802; GO:0003700; GO:0005829; GO:0043201; GO:0043565; GO:0006355,envelope
alx,putative membrane-bound redox modulator Alx,putative membrane-bound redox modulator Alx,IM,GO:0071467; GO:0016021; GO:0016020; GO:0005886,envelope
amia,N-acetylmuramoyl-L-alanine amidase A,N-acetylmuramoyl-L-alanine amidase A,PE,GO:0030288; GO:0071236; GO:0051301; GO:0008270; GO:0071555; GO:0016787; GO:0009253; GO:0042597; GO:0008745,envelope
amib,N-acetylmuramoyl-L-alanine amidase B,N-acetylmuramoyl-L-alanine amidase B,PE,GO:0030288; GO:0051301; GO:0043093; GO:0071555; GO:0016787; GO:0009253; GO:0042597; GO:0008745,envelope
amid,N-acetylmuramoyl-L-alanine amidase D,N-acetylmuramoyl-L-alanine amidase D,LPO,GO:0009254; GO:0071555; GO:0016787; GO:0046872; GO:0019867; GO:0016020; GO:0009279; GO:0009279; GO:0008270; GO:0009253; GO:0009392; GO:0008745,envelope
ampe,protein AmpE,protein AmpE,IM,GO:0046677; GO:0005887; GO:0016020; GO:0005886; GO:0016021,envelope
ampg,muropeptide:H+ symporter,muropeptide:H+ symporter,IM,GO:1902600; GO:0071555; GO:0015293; GO:0055085; GO:0005886; GO:0016021; GO:0016020; GO:0015835; GO:0015295; GO:0000270,envelope
amph,peptidoglycan DD-carboxypeptidase/peptidoglycan DD-endopeptidase,peptidoglycan DD-carboxypeptidase/peptidoglycan DD-endopeptidase,IM,GO:0071555; GO:0030288; GO:0016787; GO:0008233; GO:0016020; GO:0009253; GO:0008360; GO:0006508; GO:0005886; GO:0004180; GO:0004175; GO:0008658,envelope
amtb,ammonia/ammonium transporter,ammonia / ammonium transporter,IM,GO:0019740; GO:0042802; GO:0005515; GO:0016021; GO:0016020; GO:0005886; GO:0072488; GO:0008519; GO:0005887; GO:0015670; GO:0015696; GO:0015292,envelope
ansb,L-asparaginase 2,L-asparaginase 2,PE,GO:0032991; GO:0006530; GO:0042802; GO:0042597; GO:0016787; GO:0006528; GO:0006520; GO:0030288; GO:0004067,envelope
ansp,ANSP-MONOMER,ANSP-MONOMER,IM,GO:0055085; GO:0022857; GO:0005886; GO:0016021; GO:0016020; GO:0006865,envelope
appa,periplasmic phosphoanhydride phosphatase/multiple inositol-polyphosphate phosphatase,periplasmic phosphoanhydride phosphatase/multiple inositol-polyphosphate phosphatase,PE,GO:0008707; GO:0008252; GO:0052745; GO:0050308; GO:0033518; GO:0016311; GO:0016787; GO:0003824; GO:0030288; GO:0008152; GO:0016036; GO:0071454; GO:0042597; GO:0003993,envelope
appb,cytochrome bd-II ubiquinol oxidase subunit II,cytochrome <i>bd</i>-II ubiquinol oxidase,IM,GO:0055114; GO:0016020; GO:0046872; GO:0006119; GO:0019646; GO:0016682; GO:0070069; GO:0005886; GO:0016021; GO:0009055,envelope
appc,cytochrome bd-II ubiquinol oxidase subunit I,cytochrome <i>bd</i>-II ubiquinol oxidase,IM,GO:0020037; GO:0055114; GO:0046872; GO:0006119; GO:0019646; GO:0009055; GO:0016682; GO:0070069; GO:0005886; GO:0016021; GO:0016020,envelope
aqpz,water channel AqpZ,water channel AqpZ,IM,GO:0005623; GO:0015267; GO:0005515; GO:0042802; GO:0005887; GO:0016020; GO:0055085; GO:0005886; GO:0016021; GO:0015250; GO:0006833; GO:0009992; GO:0006970,envelope
arae,arabinose:H+ symporter,arabinose:H+ symporter,IM,GO:1902600; GO:0005351; GO:0022857; GO:0016021; GO:0016020; GO:0008643; GO:0005886; GO:0055085; GO:0042882; GO:0015147; GO:0015756; GO:0015150; GO:0005887; GO:0015293,envelope
araf,arabinose ABC transporter periplasmic binding protein,arabinose ABC transporter,PE,GO:0048029; GO:0042882; GO:0030288; GO:0042597; GO:0008643; GO:0015407,envelope
arah,arabinose ABC transporter membrane subunit,arabinose ABC transporter,IM,GO:0055085; GO:0022857; GO:0055052; GO:0015147; GO:0016020; GO:0008643; GO:0015751; GO:0005886; GO:0016021,envelope
araj,putative transport protein AraJ,putative transport protein AraJ,IM,GO:0055085; GO:0005886; GO:0016021; GO:0016020,envelope
argo,L-arginine exporter,L-arginine exporter,IM,GO:0015809; GO:1903826; GO:1902023; GO:0005887; GO:0006865; GO:0015181; GO:0005886; GO:0016021; GO:0016020,envelope
arnc,G7167-MONOMER,G7167-MONOMER,IM,GO:0099621; GO:0016740; GO:0006629; GO:0036108; GO:0005886; GO:0046677; GO:0016780; GO:0016757; GO:0016021; GO:0016020; GO:0009245; GO:0009103,envelope
arnf,undecaprenyl-phosphate-&alpha;-L-Ara4N flippase - ArnF subunit,undecaprenyl-phosphate-&alpha;-L-Ara4N flippase,IM,GO:0055085; GO:0022857; GO:0005887; GO:1901505; GO:1901264; GO:0006629; GO:0009245; GO:0009103; GO:0005886; GO:0010041; GO:0016021; GO:0016020,envelope
arnt,G7170-MONOMER,G7170-MONOMER,IM,GO:0103015; GO:0097502; GO:0016757; GO:0016740; GO:0006629; GO:0006493; GO:0000030; GO:0005886; GO:0016763; GO:0010041; GO:0016021; GO:0016020; GO:0009103; GO:0009245,envelope
arop,aromatic amino acid:H+ symporter AroP,aromatic amino acid:H+ symporter AroP,IM,GO:0055085; GO:0022857; GO:0016021; GO:0016020; GO:0006865; GO:0005886; GO:0015823; GO:0015827; GO:0015828; GO:0015192; GO:0015196; GO:0005302; GO:0005887,envelope
arsb,arsenite/antimonite:H+ antiporter,arsenite/antimonite:H<sup>+</sup> antiporter,IM,GO:0016021; GO:0016020; GO:0015105; GO:0005886; GO:0005887; GO:0046685; GO:0042960; GO:0008490; GO:0015699; GO:0015700,envelope
artm,L-arginine ABC transporter membrane subunit ArtM,L-arginine ABC transporter,IM,GO:0071705; GO:0055085; GO:0043190; GO:0022857; GO:0055052; GO:0005887; GO:0097638; GO:0006865; GO:0005886; GO:0016021; GO:0016020,envelope
artm,L-arginine ABC transporter membrane subunit ArtM,putative ABC transporter ArtPQMI,IM,GO:0071705; GO:0055085; GO:0043190; GO:0022857; GO:0055052; GO:0005887; GO:0097638; GO:0006865; GO:0005886; GO:0016021; GO:0016020,envelope
asla,putative sulfatase AslA,putative sulfatase AslA,PE,GO:0004065; GO:0030288; GO:0008484; GO:0003824; GO:0046872; GO:0042597; GO:0016787,envelope
asr,acid shock protein,acid shock protein,PE,GO:0030288; GO:0001101; GO:0010043; GO:0042597,envelope
atos,sensor histidine kinase AtoS,sensor histidine kinase AtoS,IM,GO:0006355; GO:1904583; GO:0042803; GO:0000160; GO:0023014; GO:0018106; GO:0016772; GO:0016740; GO:0016310; GO:0016301; GO:0007165; GO:0004673; GO:0000166; GO:0046777; GO:0005886; GO:0016021; GO:0016020; GO:0005524; GO:0000155,envelope
atos,sensor histidine kinase AtoS,AtoS-<i>N</i>-phospho-L-histidine,IM,GO:0006355; GO:1904583; GO:0042803; GO:0000160; GO:0023014; GO:0018106; GO:0016772; GO:0016740; GO:0016310; GO:0016301; GO:0007165; GO:0004673; GO:0000166; GO:0046777; GO:0005886; GO:0016021; GO:0016020; GO:0005524; GO:0000155,envelope
atpi,ATP synthase accessory factor AtpI,ATP synthase accessory factor AtpI,IM,GO:0005886; GO:0045263; GO:0016021; GO:0016020; GO:0006811,envelope
baca,undecaprenyl pyrophosphate phosphatase,undecaprenyl pyrophosphate phosphatase,IM,GO:0000270; GO:0005887; GO:0016462; GO:0071555; GO:0016787; GO:0016311; GO:0005886; GO:0046677; GO:0016021; GO:0016020; GO:0009252; GO:0008360; GO:0050380,envelope
baes,"BaeS-N-phospho-L-histidine // ""sensor histidine kinase BaeS""","BaeS-N-phospho-L-histidine // ""sensor histidine kinase BaeS""",IM,GO:0036460; GO:0005887; GO:0000160; GO:0023014; GO:0018106; GO:0016310; GO:0007165; GO:0016772; GO:0046777; GO:0000166; GO:0005886; GO:0016740; GO:0016301; GO:0016021; GO:0016020; GO:0005524; GO:0004673; GO:0000155,envelope
bara,"BarA-N-phospho-L-histidine-861 // ""BarA-N-phospho-L-histidine-302"" // ""BarA-phospho-L-aspartate-718"" // ""sensor histidine kinase BarA""",sensor histidine kinase BarA,IM,GO:0005886; GO:0000160; GO:0009927; GO:0006468; GO:0042803; GO:0004721; GO:1901425; GO:0010034; GO:0018217; GO:0005515; GO:0023014; GO:0018106; GO:0016772; GO:0016740; GO:0016310; GO:0016301; GO:0007165; GO:0004673; GO:0005887; GO:0046777; GO:0042542; GO:0000166; GO:0016021; GO:0016020; GO:0005524; GO:0000155,envelope
bass,"BasS-N-phospho-L-histidine // ""sensor histidine kinase BasS""","BasS-N-phospho-L-histidine // ""sensor histidine kinase BasS""",IM,GO:0010043; GO:0004721; GO:0005887; GO:0046777; GO:0000160; GO:0023014; GO:0016772; GO:0016740; GO:0016310; GO:0016301; GO:0007165; GO:0000166; GO:0010041; GO:0005886; GO:0018106; GO:0016021; GO:0016020; GO:0005524; GO:0004673; GO:0000155,envelope
bax,putative glycoside hydrolase Bax,putative glycoside hydrolase Bax,PE,GO:0004040; GO:0005524; GO:0000166,envelope
bcr,multidrug efflux pump Bcr,multidrug efflux pump Bcr,IM,GO:0042910; GO:0042908; GO:0006855; GO:0015299; GO:1990961; GO:0005887; GO:0033228; GO:0033229; GO:0015833; GO:0015031; GO:0035442; GO:0071916; GO:0055085; GO:0005886; GO:0046677; GO:0016021; GO:0016020,envelope
bcsa,cellulose synthase catalytic subunit,cellulose synthase,IM,GO:0016758; GO:0090540; GO:0035438; GO:0016759; GO:0006011; GO:0005886; GO:0030244; GO:0016760; GO:0016757; GO:0016740; GO:0016021; GO:0016020,envelope
bcsc,cellulose biosynthesis protein BcsC,cellulose biosynthesis protein BcsC,OM,GO:0009279; GO:0019867; GO:0030244;GO:0003824; GO:0016798; GO:0016787; GO:0004553; GO:0005576; GO:0030245; GO:0008152; GO:0005975; GO:0000272; GO:0008810,envelope
bcsg,cellulose phosphoethanolamine transferase,cellulose phosphoethanolamine transferase,IM,GO:0030244; GO:0003824; GO:0016021; GO:0016020; GO:0005886,envelope
bett,BETT-MONOMER,BETT-MONOMER,IM,GO:0071705; GO:0055085; GO:0022857; GO:0005887; GO:0015220; GO:0015871; GO:0019285; GO:0006974; GO:0005886; GO:0016021; GO:0016020,envelope
blr,&beta;-lactam resistance protein,&beta;-lactam resistance protein,IM,GO:0000935; GO:0036460; GO:0016020; GO:0051301; GO:0007049; GO:0005515; GO:0033554; GO:0005886; GO:0046677; GO:0016021,envelope
brnq,branched chain amino acid transporter BrnQ,branched chain amino acid transporter BrnQ,IM,GO:0098655; GO:1903785; GO:1902475; GO:0005515; GO:0016020; GO:0015803; GO:0015658; GO:0006865; GO:0015190; GO:0015188; GO:0005304; GO:0015829; GO:0015820; GO:0015818; GO:0005886; GO:0016021,envelope
bsma,DUF1471 domain-containing putative lipoprotein BsmA,DUF1471 domain-containing putative lipoprotein BsmA,LPO,GO:0030288; GO:0006974; GO:0042542; GO:0001101; GO:0044010; GO:0005886; GO:0016020,envelope
btuc,vitamin B12 ABC transporter membrane subunit,vitamin B<sub>12</sub> ABC transporter,IM,GO:0090482; GO:0055085; GO:0035461; GO:0022857; GO:0042802; GO:0005515; GO:0016021; GO:0016020; GO:0005887; GO:0043190; GO:0005886; GO:0015889,envelope
btuf,vitamin B12 ABC transporter periplasmic binding protein,vitamin B<sub>12</sub> ABC transporter,PE,GO:0005515; GO:0015889; GO:0030288; GO:0031419; GO:0042597,envelope
cadc,DNA-binding transcriptional activator CadC,DNA-binding transcriptional activator CadC,IM,GO:0032993; GO:0005829; GO:0003700; GO:0001216; GO:0000976; GO:0000156; GO:0005515; GO:0045893; GO:0042803; GO:0006355; GO:0005886; GO:0016021; GO:0016020; GO:0003677; GO:0000160,envelope
cbrb,putative inner membrane protein,putative inner membrane protein,IM,GO:0005886; GO:0016021; GO:0016020,envelope
ccmb,heme trafficking system membrane protein CcmB,heme trafficking system CcmABCDE,IM,GO:0005887; GO:0042623; GO:0016020; GO:0015232; GO:0015886; GO:0005886; GO:0043190; GO:0016021; GO:0005515; GO:0017004,envelope
ccmc,heme trafficking system membrane protein CcmC,heme trafficking system CcmABCDE,IM,GO:0017003; GO:0020037; GO:0015886; GO:0015232; GO:0005886; GO:0016021; GO:0016020; GO:0005887; GO:0005515; GO:0017004,envelope
ccmd,heme trafficking system membrane protein CcmD,heme trafficking system CcmABCDE,IM,GO:0017004; GO:0005887; GO:0016020; GO:0005886; GO:0016021; GO:0031235; GO:0005515; GO:0015886,envelope
ccme,periplasmic heme chaperone,heme trafficking system CcmABCDE,IM,GO:0018063; GO:0015886; GO:0005829; GO:0016020; GO:0005886; GO:0020037; GO:0046872; GO:0017003; GO:0016021; GO:0031237; GO:0005515; GO:0017004,envelope
ccme,periplasmic heme chaperone,holocytochrome <I>c</I> synthetase,IM,GO:0018063; GO:0015886; GO:0005829; GO:0016020; GO:0005886; GO:0020037; GO:0046872; GO:0017003; GO:0016021; GO:0031237; GO:0005515; GO:0017004,envelope
ccmf,holocytochrome c synthetase membrane subunit CcmF,holocytochrome <I>c</I> synthetase,IM,GO:0018063; GO:0005887; GO:0020037; GO:0005515; GO:0015886; GO:0015232; GO:0005886; GO:0016021; GO:0016020; GO:0017004,envelope
ccmg,holocytochrome c synthetase - thiol:disulfide oxidoreductase CcmG,holocytochrome <I>c</I> synthetase,IM,GO:0005623; GO:0005515; GO:0005887; GO:0031237; GO:0055114; GO:0045454; GO:0016491; GO:0015036; GO:0005886; GO:0030288; GO:0016021; GO:0016020; GO:0017004,envelope
ccmh,holocytochrome c synthetase - thiol:disulfide oxidoreductase CcmH,holocytochrome <I>c</I> synthetase,IM,GO:0018378; GO:0055114; GO:0015035; GO:0031237; GO:0005515; GO:0005886; GO:0046872; GO:0016021; GO:0016020; GO:0017004,envelope
cdh,CDPDIGLYPYPHOSPHA-MONOMER,CDPDIGLYPYPHOSPHA-MONOMER,IM,GO:0005887; GO:0006629; GO:0046342; GO:0005886; GO:0016787; GO:0016021; GO:0016020; GO:0008654; GO:0008715,envelope
cdsa,CDP-diglyceride synthetase,CDP-diglyceride synthetase,IM,GO:0016772; GO:0006629; GO:0016024; GO:0005886; GO:0016779; GO:0016740; GO:0016021; GO:0016020; GO:0004605; GO:0008654,envelope
chbc,"N,N'-diacetylchitobiose-specific PTS enzyme IIC component","<I>N,N'</I>-diacetylchitobiose-specific PTS enzyme II",IM,GO:0034219; GO:1902815; GO:0090563; GO:0005887; GO:0008982; GO:0005886; GO:0016021; GO:0016020; GO:0008643; GO:0009401,envelope
chia,endochitinase,endochitinase,PE,GO:0016798; GO:0016787; GO:0004568; GO:0004553; GO:0003824; GO:0030246; GO:0005576; GO:0030288; GO:0008152; GO:0008061; GO:0005975; GO:0003796; GO:0000272; GO:0042597; GO:0008843; GO:0006032,envelope
clca,chloride:H+ antiporter ClcA,chloride:H<sup>+</sup> antiporter ClcA,IM,GO:0055085; GO:0031404; GO:0015299; GO:0015108; GO:0006821; GO:0062158; GO:1990451; GO:0042802; GO:1902600; GO:1902476; GO:0016021; GO:0016020; GO:0015297; GO:0006811; GO:0005886; GO:0005247; GO:0005887,envelope
clcb,putative chloride:H+ antiporter ClcB,putative chloride:H+ antiporter ClcB,IM,GO:0055085; GO:0005887; GO:0071468; GO:1902476; GO:0010447; GO:0005247; GO:0034765; GO:0034707; GO:0005886; GO:0016021; GO:0016020; GO:0006821; GO:0006811; GO:0005254; GO:0005244,envelope
clsa,cardiolipin synthase A,cardiolipin synthase A,IM,GO:0016780; GO:0016740; GO:0006629; GO:0003824; GO:0032049; GO:0008808; GO:0005886; GO:0016021; GO:0016020; GO:0008654,envelope
cobs,COBS-MONOMER,COBS-MONOMER,IM,GO:0016740; GO:0008818; GO:0005886; GO:0016021; GO:0016020; GO:0051073; GO:0009236,envelope
codb,CODB-MONOMER,CODB-MONOMER,IM,GO:1902600; GO:0022857; GO:0055085; GO:0015856; GO:0015209; GO:0015295; GO:0005887; GO:0005886; GO:0019858; GO:0016021; GO:0016020,envelope
crcb,F- channel,F<sup>-</sup> channel,IM,GO:0034220; GO:0015103; GO:0042803; GO:0005253; GO:0140114; GO:1903425; GO:1903424; GO:0016021; GO:0016020; GO:0005887; GO:0005886,envelope
crec,sensory histidine kinase CreC,sensor histidine kinase CreC,IM,GO:0047484; GO:0005887; GO:0046777; GO:0019660; GO:0000160; GO:0018106; GO:0016772; GO:0016740; GO:0016301; GO:0007165; GO:0004673; GO:0000166; GO:0005886; GO:0016310; GO:0016021; GO:0016020; GO:0005524; GO:0000155,envelope
crec,sensory histidine kinase CreC,CreC-<i>N</i>-phospho-L-histidine,IM,GO:0047484; GO:0005887; GO:0046777; GO:0019660; GO:0000160; GO:0018106; GO:0016772; GO:0016740; GO:0016301; GO:0007165; GO:0004673; GO:0000166; GO:0005886; GO:0016310; GO:0016021; GO:0016020; GO:0005524; GO:0000155,envelope
csge,curli transport specificity factor,curli secretion and assembly complex,PE,GO:0030288; GO:0042802; GO:0005515; GO:0005829; GO:0044010; GO:0022610; GO:0071806; GO:0009279,envelope
csgf,curli assembly component,curli assembly component,OM,GO:0098775; GO:0005515; GO:0016020; GO:0044010; GO:0009279,envelope
csgg,curli secretion channel,curli secretion and assembly complex,OM,GO:0030288; GO:0005886; GO:0031246; GO:0005515; GO:0042802; GO:0016020; GO:0044010; GO:0022610; GO:0071806; GO:0009279,envelope
csrd,regulator of CsrB and CsrC decay,regulator of CsrB and CsrC decay,IM,GO:0032991; GO:0042802; GO:0005515; GO:0051252; GO:0034661; GO:0016021; GO:0016020; GO:0005886,envelope
cusa,copper/silver export system RND permease,copper/silver export system,IM,GO:0005623; GO:0055085; GO:0022857; GO:1902601; GO:0016020; GO:0008324; GO:0006825; GO:0006812; GO:0006811; GO:0005886; GO:0005515; GO:0006878; GO:0010272; GO:0010273; GO:0015673; GO:0015679; GO:0046688; GO:0060003; GO:0015080; GO:0016021; GO:0005507; GO:0005375,envelope
cusc,copper/silver export system outer membrane channel,copper/silver export system,OM,GO:0005623; GO:0055085; GO:0022857; GO:0015562; GO:0006811; GO:0046930; GO:0015288; GO:0070207; GO:0019992; GO:0018345; GO:0016021; GO:0009279; GO:0006878; GO:0010272; GO:0010273; GO:0046688; GO:0060003; GO:0005375; GO:0005507; GO:0005515; GO:0016020,envelope
cusf,copper/silver export system periplasmic binding protein,copper/silver export system,PE,GO:0005623; GO:0046872; GO:0016530; GO:0030288; GO:0016531; GO:0006878; GO:0010043; GO:0010272; GO:0010273; GO:0046688; GO:0005515; GO:0046914; GO:0042597; GO:0005507,envelope
cuss,"CusS-N-phospho-L-histidine // ""sensor histidine kinase CusS""",sensor histidine kinase CusS,IM,GO:0005886; GO:0005887; GO:0005829; GO:0030288; GO:0046872; GO:0000160; GO:0023014; GO:0018106; GO:0016772; GO:0016740; GO:0016301; GO:0007165; GO:0004673; GO:0071280; GO:0071292; GO:0000166; GO:0016310; GO:0016021; GO:0016020; GO:0005524; GO:0000155,envelope
cvpa,colicin V production protein,colicin V production protein,IM,GO:0005886; GO:0016021; GO:0016020; GO:0009403,envelope
cvra,putative K+:H+ antiporter,putative K+:H+ antiporter,IM,GO:0098656; GO:0071805; GO:0050660; GO:0015079; GO:0008324; GO:0005623; GO:0055085; GO:0006812; GO:0005451; GO:1902600; GO:0015386; GO:0015297; GO:0006811; GO:0005887; GO:0016020; GO:0015299; GO:0006813; GO:0006884; GO:0005886; GO:0016021,envelope
cybb,superoxide oxidase,superoxide oxidase,IM,GO:0005887; GO:0019430; GO:0009055; GO:0055114; GO:0020037; GO:0022904; GO:0005886; GO:0046872; GO:0016021; GO:0016020,envelope
cydd,glutathione/L-cysteine ABC exporter subunit CydD,glutathione / L-cysteine ABC exporter CydDC,IM,GO:0055085; GO:0005623; GO:0045454; GO:0005887; GO:0043190; GO:0042883; GO:0016887; GO:0034775; GO:0033228; GO:0005886; GO:0042626; GO:0016021; GO:0016020; GO:0005524; GO:0000166,envelope
cyoc,cytochrome bo3 ubiquinol oxidase subunit 3,cytochrome <i>bo<sub>3</sub></i> ubiquinol oxidase,IM,GO:0008827; GO:0004129; GO:0005887; GO:0005515; GO:0009060; GO:0055114; GO:0022904; GO:0016491; GO:0016021; GO:0016020; GO:0015002; GO:0009319; GO:0015990; GO:0015078; GO:0019646; GO:0005886; GO:0009486; GO:0009055; GO:0015453,envelope
cyod,cytochrome bo3 ubiquinol oxidase subunit 4,cytochrome <i>bo<sub>3</sub></i> ubiquinol oxidase,IM,GO:0005515; GO:0005887; GO:0009060; GO:0055114; GO:0016491; GO:0016020; GO:0008827; GO:0009319; GO:0015990; GO:0015078; GO:0015453; GO:0019646; GO:0005886; GO:0009486; GO:0016021; GO:0009055,envelope
cyoe,HEMEOSYN-MONOMER,HEMEOSYN-MONOMER,IM,GO:0045333; GO:0016765; GO:0016740; GO:0016020; GO:0006783; GO:0048034; GO:0005886; GO:0016021; GO:0008495,envelope
cysw,sulfate/thiosulfate ABC transporter inner membrane subunit CysW,thiosulfate/sulfate ABC transporter,IM,GO:0055085; GO:0015419; GO:0043190; GO:0005887; GO:1902358; GO:0005886; GO:0016021; GO:0016020; GO:0008272,envelope
cysw,sulfate/thiosulfate ABC transporter inner membrane subunit CysW,sulfate/thiosulfate ABC transporter,IM,GO:0055085; GO:0015419; GO:0043190; GO:0005887; GO:1902358; GO:0005886; GO:0016021; GO:0016020; GO:0008272,envelope
cysz,EG10003-MONOMER,EG10003-MONOMER,IM,GO:1902600; GO:0005887; GO:0009675; GO:0015116; GO:1902358; GO:0000103; GO:0008272; GO:0005886; GO:0019344; GO:0016021; GO:0016020; GO:0008652,envelope
dacb,peptidoglycan DD-endopeptidase DacB,peptidoglycan DD-endopeptidase DacB,PE,GO:0005515; GO:0042597; GO:0016787; GO:0004185; GO:0006508; GO:0051301; GO:0005886; GO:0004175; GO:0000270; GO:0009253; GO:0009254; GO:0016998; GO:0043093; GO:0004180; GO:0008658; GO:0046677; GO:0009252; GO:0008360; GO:0007049; GO:0071555; GO:0009002,envelope
dacd,D-alanyl-D-alanine carboxypeptidase DacD,D-alanyl-D-alanine carboxypeptidase DacD,IM,GO:0030288; GO:0008800; GO:0000270; GO:0004175; GO:0071555; GO:0016787; GO:0008233; GO:0005886; GO:0008658; GO:0016020; GO:0009252; GO:0008360; GO:0006508; GO:0004180; GO:0009002,envelope
dcta,C4 dicarboxylate/orotate:H+ symporter,DcuS-DctA sensor complex,IM,GO:0022857; GO:0005515; GO:0071423; GO:0071422; GO:0005887; GO:0016020; GO:0015293; GO:0006835; GO:0006974; GO:0015366; GO:0015141; GO:0015138; GO:0015183; GO:0070778; GO:0015741; GO:0005886; GO:0016021,envelope
dcua,C4-dicarboxylate transporter DcuA,C4-dicarboxylate transporter DcuA,IM,GO:0044271; GO:0140009; GO:0071422; GO:0015741; GO:0005887; GO:0005469; GO:0009061; GO:0015556; GO:0005886; GO:0016021; GO:0016020; GO:0015740,envelope
dcus,"DcuS-N-phospho-L-histidine // ""sensor histidine kinase DcuS""",DcuS-DcuB sensor complex,IM,GO:0016021; GO:0006468; GO:0009365; GO:0046777; GO:0030288; GO:0005829; GO:0000160; GO:0005515; GO:0023014; GO:0018106; GO:0005887; GO:0016772; GO:0016740; GO:0016310; GO:0016301; GO:0016020; GO:0042802; GO:0006355; GO:0000166; GO:0000155; GO:0005886; GO:0005524; GO:0004673,envelope
dcus,"DcuS-N-phospho-L-histidine // ""sensor histidine kinase DcuS""",DcuS-DctA sensor complex,IM,GO:0016021; GO:0006468; GO:0009365; GO:0046777; GO:0030288; GO:0005829; GO:0000160; GO:0005515; GO:0023014; GO:0018106; GO:0005887; GO:0016772; GO:0016740; GO:0016310; GO:0016301; GO:0016020; GO:0042802; GO:0006355; GO:0000166; GO:0000155; GO:0005886; GO:0005524; GO:0004673,envelope
dcus,"DcuS-N-phospho-L-histidine // ""sensor histidine kinase DcuS""",sensor histidine kinase DcuS,IM,GO:0016021; GO:0006468; GO:0009365; GO:0046777; GO:0030288; GO:0005829; GO:0000160; GO:0005515; GO:0023014; GO:0018106; GO:0005887; GO:0016772; GO:0016740; GO:0016310; GO:0016301; GO:0016020; GO:0042802; GO:0006355; GO:0000166; GO:0000155; GO:0005886; GO:0005524; GO:0004673,envelope
ddpa,"putative D,D-dipeptide ABC transporter periplasmic binding protein","putative D,D-dipeptide ABC transporter",PE,GO:1904680; GO:0055085; GO:0043190; GO:0015833; GO:0030288; GO:0015031; GO:0042597,envelope
deda,DedA family protein DedA,DedA family protein DedA,IM,GO:0005886; GO:0016021; GO:0016020,envelope
degs,serine endoprotease,serine endoprotease,PE,GO:0042802; GO:0030288; GO:0016021; GO:0016020; GO:0005886; GO:0016787; GO:0071575; GO:0008236; GO:0008233; GO:0071218; GO:0031226; GO:0005515; GO:0004252; GO:0006508,envelope
dgka,diacylglycerol kinase,diacylglycerol kinase,IM,GO:0046872; GO:0042802; GO:0008610; GO:0009411; GO:0016740; GO:0016301; GO:0008654; GO:0006629; GO:0016310; GO:0005524; GO:0000166; GO:0005886; GO:0016021; GO:0016020; GO:0004143; GO:0006654,envelope
dinf,DNA damage-inducible protein F,DNA damage-inducible protein F,IM,GO:0042910; GO:0042908; GO:0055085; GO:0015297; GO:0005886; GO:0016021; GO:0016020,envelope
djla,co-chaperone protein DjlA,co-chaperone protein DjlA,IM,GO:0005887; GO:0051087; GO:0005886; GO:0016021; GO:0016020,envelope
dmsa,dimethyl sulfoxide reductase subunit A,dimethyl sulfoxide reductase,IM,GO:0030288; GO:0043546; GO:0022900; GO:0031237; GO:0048037; GO:0055114; GO:0051536; GO:0046872; GO:0009389; GO:0005515; GO:0016491; GO:0005886; GO:0009390; GO:0051539; GO:0030151; GO:0016020; GO:0009061; GO:0009055,envelope
dmsc,dimethyl sulfoxide reductase subunit C,dimethyl sulfoxide reductase,IM,GO:0005887; GO:0055114; GO:0019645; GO:0016020; GO:0016491; GO:0005886; GO:0009390; GO:0009389; GO:0016021; GO:0009061,envelope
dppb,dipeptide ABC transporter membrane subunit DppB,dipeptide ABC transporter,IM,GO:0055085; GO:0016021; GO:0035442; GO:0071916; GO:0015886; GO:0055052; GO:0005887; GO:0015833; GO:0015031; GO:0016020; GO:0005886,envelope
dppc,dipeptide ABC transporter membrane subunit DppC,dipeptide ABC transporter,IM,GO:0055085; GO:0035442; GO:0071916; GO:0015886; GO:0055052; GO:0005887; GO:0015833; GO:0015031; GO:0016020; GO:0005886; GO:0016021,envelope
dsbb,"protein thiol:quinone oxidoreductase DsbBreduced // ""protein thiol:quinone oxidoreductase DsbBoxidized"" // ""protein thiol:quinone oxidoreductase DsbB""","protein thiol:quinone oxidoreductase DsbBreduced // ""protein thiol:quinone oxidoreductase DsbBoxidized"" // ""protein thiol:quinone oxidoreductase DsbB""",IM,GO:0022900; GO:0009055; GO:0006457; GO:0016672; GO:0005887; GO:0048039; GO:0009408; GO:0005515; GO:0016491; GO:0016020; GO:0055114; GO:0005886; GO:0016021; GO:0015035,envelope
dsbd,"thiol-disulfide exchange protein DsbDreduced // ""thiol-disulfide exchange protein DsbDoxidized"" // ""thiol-disulfide exchange protein DsbD""","thiol-disulfide exchange protein DsbDreduced // ""thiol-disulfide exchange protein DsbDoxidized"" // ""thiol-disulfide exchange protein DsbD""",IM,GO:0009898; GO:0022900; GO:0009055; GO:0005623; GO:0046688; GO:0005515; GO:0016020; GO:0017004; GO:0005886; GO:0015035; GO:0071502; GO:0042493; GO:0005887; GO:0055114; GO:0047134; GO:0045454; GO:0016491; GO:0016021,envelope
dsdx,DSDX-MONOMER,DSDX-MONOMER,IM,GO:0006865; GO:0016021; GO:0016020; GO:0005886; GO:0035429; GO:0015128; GO:0006974; GO:0042942; GO:0042945; GO:0005887,envelope
dtpa,dipeptide/tripeptide:H+ symporter DtpA,dipeptide/tripeptide:H+ symporter DtpA,IM,GO:1904680; GO:0042939; GO:0042938; GO:0035673; GO:0055085; GO:0022857; GO:0015293; GO:0015078; GO:1902600; GO:0071916; GO:0035443; GO:0035442; GO:0016020; GO:0015833; GO:0005887; GO:0015031; GO:0005886; GO:0015333; GO:0042937; GO:0016021; GO:0006857,envelope
dtpb,dipeptide/tripeptide:H+ symporter DtpB,dipeptide/tripeptide:H+ symporter DtpB,IM,GO:1904680; GO:0042939; GO:0042938; GO:0035673; GO:0055085; GO:0022857; GO:0015078; GO:1902600; GO:0035442; GO:0035443; GO:0071916; GO:0015833; GO:0006857; GO:0015333; GO:0005887; GO:0016020; GO:0015031; GO:0042937; GO:0005886; GO:0016021,envelope
dtpd,dipeptide:H+ symporter DtpD,dipeptide:H+ symporter DtpD,IM,GO:1904680; GO:1902600; GO:0042939; GO:0042938; GO:0042937; GO:0035673; GO:0035672; GO:0016021; GO:0035442; GO:0015333; GO:0055085; GO:0022857; GO:0016020; GO:0015833; GO:0006857; GO:0005887; GO:0015031; GO:0071916; GO:0005886,envelope
eama,cysteine/O-acetylserine exporter EamA,cysteine/O-acetylserine exporter EamA,IM,GO:0070301; GO:0005887; GO:0006865; GO:0015562; GO:0033228; GO:0005886; GO:0016021; GO:0016020,envelope
eamb,cysteine/O-acetylserine exporter EamB,cysteine/O-acetylserine exporter EamB,IM,GO:0015562; GO:0016021; GO:0016020; GO:0006865; GO:0033228; GO:0005887; GO:0005886,envelope
ecna,"entericidin A lipoprotein, antidote to entericidin B","entericidin A lipoprotein, antidote to entericidin B",LPO,GO:0036405; GO:0016020; GO:0009636; GO:0005886,envelope
efeb,heme-containing peroxidase/deferrochelatase,heme-containing peroxidase/deferrochelatase,PE,GO:0006974; GO:0005623; GO:0098869; GO:0016491; GO:0030288; GO:0005829; GO:0020037; GO:0033212; GO:0055114; GO:0046872; GO:0042597; GO:0004601,envelope
emrb,multidrug efflux pump membrane subunit EmrB,multidrug efflux pump EmrAB-TolC,IM,GO:0015299; GO:1990281; GO:0015125; GO:0005515; GO:1990961; GO:0015721; GO:0048545; GO:0022857; GO:0005887; GO:0009636; GO:0055085; GO:0005886; GO:0046677; GO:0016021; GO:0016020,envelope
emrd,multidrug efflux pump EmrD,multidrug efflux pump EmrD,IM,GO:0042910; GO:0042908; GO:0006855; GO:0015299; GO:0005887; GO:1990961; GO:0055085; GO:0005886; GO:0016021; GO:0016020,envelope
emre,multidrug/betaine/choline efflux transporter EmrE,multidrug efflux pump EmrE / betaine:H<sup>+</sup> antiporter / choline:H<sup>+</sup> antiporter,IM,GO:0055085; GO:0015299; GO:0022857; GO:0006805; GO:1990961; GO:0042908; GO:0042910; GO:0042802; GO:0015871; GO:0015220; GO:0005887; GO:0006970; GO:0015199; GO:0031460; GO:0006974; GO:0005886; GO:0016021; GO:0016020; GO:0015297; GO:0042493,envelope
enda,DNA-specific endonuclease I,DNA-specific endonuclease I,PE,GO:0090305; GO:0006308; GO:0016888; GO:0016787; GO:0004518; GO:0030288; GO:0042597; GO:0004519; GO:0004530,envelope
ents,YBDA-MONOMER,YBDA-MONOMER,IM,GO:0015891; GO:0005887; GO:0042931; GO:0006974; GO:0046677; GO:0042930; GO:0005886; GO:0016021; GO:0016020,envelope
envc,multidrug efflux pump membrane fusion lipoprotein AcrE,multidrug efflux pump AcrEF-TolC,PE,GO:0042493; GO:0022857; GO:0006855; GO:0031226; GO:0046677; GO:0016020; GO:0055085; GO:0005886;GO:0006508; GO:0004222; GO:0001896; GO:0005515; GO:0009314; GO:0005886; GO:0032153; GO:0051345; GO:0009273; GO:0030288; GO:0051301; GO:0007049; GO:0000920; GO:0042597; GO:0042493; GO:0016787,envelope
epta,phosphoethanolamine transferase EptA,phosphoethanolamine transferase EptA,IM,GO:0016772; GO:0009244; GO:0016776; GO:0008484; GO:0006629; GO:0003824; GO:0046677; GO:0016740; GO:0009245; GO:0009103; GO:0005886; GO:0016021; GO:0016020,envelope
eptb,Kdo2-lipid A phosphoethanolamine 7''-transferase,Kdo2-lipid A phosphoethanolamine 7''-transferase,IM,GO:0016772; GO:0009244; GO:0043838; GO:0016020; GO:0009103; GO:0006629; GO:0003824; GO:0008484; GO:0016740; GO:0009245; GO:0005886; GO:0016021,envelope
etk,protein-tyrosine kinase Etk,protein-tyrosine kinase Etk,IM,GO:0045226; GO:0042802; GO:0016740; GO:0016310; GO:0016301; GO:0016020; GO:0009103; GO:0038083; GO:0005524; GO:0000166; GO:0005886; GO:0016021; GO:0004713,envelope
evgs,"sensory histidine kinase EvgS  - his721 phosphorylated // ""sensory histidine kinase EvgS - asp1009 phosphorylated"" // ""sensory histidine kinase EvgS - his1137 phosphorylated"" // ""sensory histidine kinase EvgS""","sensory histidine kinase EvgS  - his721 phosphorylated // ""sensory histidine kinase EvgS - asp1009 phosphorylated"" // ""sensory histidine kinase EvgS - his1137 phosphorylated"" // ""sensory histidine kinase EvgS""",IM,GO:0005886; GO:0007165; GO:0023014; GO:0018106; GO:0010447; GO:0010038; GO:0016772; GO:0016740; GO:0016310; GO:0016301; GO:0004673; GO:0000166; GO:0046777; GO:0016021; GO:0016020; GO:0005524; GO:0000160; GO:0000155,envelope
exut,hexuronate transporter,hexuronate transporter,IM,GO:0015778; GO:0055085; GO:0015736; GO:0015134; GO:0005887; GO:0005886; GO:0016021; GO:0016020,envelope
fade,acyl-CoA dehydrogenase,acyl-CoA dehydrogenase,IM,GO:0052890; GO:0004466; GO:0005886; GO:0050660; GO:0033539; GO:0016627; GO:0006635; GO:0055114; GO:0016491; GO:0006631; GO:0006629; GO:0003995,envelope
fdng,formate dehydrogenase N subunit &alpha;,"formate dehydrogenase N, subcomplex",PE,GO:0016020; GO:0022900; GO:0051536; GO:0047111; GO:0043546; GO:0045333; GO:0008863; GO:0015944; GO:0036397; GO:0055114; GO:0046872; GO:0016491; GO:0005515; GO:0030288; GO:0051539; GO:0009326; GO:0042597; GO:0030151; GO:0008430; GO:0009061; GO:0009055,envelope
fdng,formate dehydrogenase N subunit &alpha;,formate dehydrogenase N,PE,GO:0016020; GO:0022900; GO:0051536; GO:0047111; GO:0043546; GO:0045333; GO:0008863; GO:0015944; GO:0036397; GO:0055114; GO:0046872; GO:0016491; GO:0005515; GO:0030288; GO:0051539; GO:0009326; GO:0042597; GO:0030151; GO:0008430; GO:0009061; GO:0009055,envelope
fdoi,formate dehydrogenase O subunit &gamma;,formate dehydrogenase O,IM,GO:0009055; GO:0036397; GO:0008863; GO:0015944; GO:0055114; GO:0016021; GO:0016020; GO:0005886; GO:0022904; GO:0006974; GO:0005887; GO:0020037; GO:0046872; GO:0045333; GO:0009326; GO:0009061,envelope
fecb,ferric citrate ABC transporter periplasmic binding protein,ferric citrate ABC transporter,PE,GO:0005623; GO:0005515; GO:0006811; GO:0033214; GO:0010039; GO:0030288; GO:0055072; GO:0042597,envelope
fecc,ferric citrate ABC transporter membrane subunit FecC,ferric citrate ABC transporter,IM,GO:0055085; GO:0022857; GO:0005623; GO:0005515; GO:0005887; GO:0033214; GO:0015603; GO:0055052; GO:0055072; GO:0005886; GO:0016021; GO:0016020; GO:0006811,envelope
fecd,ferric citrate ABC transporter membrane subunit FecD,ferric citrate ABC transporter,IM,GO:0055085; GO:0022857; GO:0005623; GO:0005515; GO:0015603; GO:0033214; GO:0005887; GO:0055052; GO:0055072; GO:0005886; GO:0016021; GO:0016020; GO:0006811,envelope
feob,Fe2+ transporter FeoB,Fe2+ transporter FeoB,IM,GO:0072511; GO:0006826; GO:0005623; GO:0005887; GO:0098711; GO:0042802; GO:0006811; GO:0000166; GO:0006974; GO:0055072; GO:0005886; GO:0016021; GO:0016020; GO:0015093; GO:0005525,envelope
fepd,ferric enterobactin ABC transporter membrane subunit FebD,ferric enterobactin ABC transporter,IM,GO:0055085; GO:0033214; GO:0022857; GO:0005623; GO:0043190; GO:0015620; GO:0015685; GO:0005887; GO:0055072; GO:0005886; GO:0016021; GO:0016020; GO:0006811,envelope
fepg,ferric enterobactin ABC transporter membrane subunit FepG,ferric enterobactin ABC transporter,IM,GO:0055085; GO:0033214; GO:0022857; GO:0005623; GO:0055052; GO:0015620; GO:0015685; GO:0005887; GO:0055072; GO:0005886; GO:0016021; GO:0016020; GO:0006811,envelope
fhub,iron(III) hydroxamate ABC transporter membrane subunit,iron(III) hydroxamate ABC transporter,IM,GO:0055085; GO:0033214; GO:0022857; GO:0005623; GO:0005887; GO:0015687; GO:0015344; GO:0043190; GO:0005515; GO:0055072; GO:0005886; GO:0016021; GO:0016020; GO:0006811,envelope
fhud,iron(III) hydroxamate ABC transporter periplasmic binding protein,iron(III) hydroxamate ABC transporter,PE,GO:0015687; GO:0005515; GO:0030288; GO:0055072; GO:0042597; GO:0006811,envelope
fief,Zn2+/Fe2+/Cd2+ exporter,Zn<sup>2+</sup>/Fe<sup>2+</sup>/Cd<sup>2+</sup> exporter,IM,GO:0034755; GO:0034220; GO:0022857; GO:0005623; GO:0042802; GO:0055085; GO:0006812; GO:0098655; GO:0071577; GO:0070574; GO:0055072; GO:0046873; GO:0008324; GO:0006811; GO:0005886; GO:0016021; GO:0016020; GO:0015341; GO:0015086; GO:0015093; GO:0006826; GO:0015691; GO:0006829; GO:0006876; GO:0006882; GO:0006879,envelope
fimc,type 1 fimbriae periplasmic chaperone,type 1 fimbriae periplasmic chaperone,PE,GO:0071555; GO:0043711; GO:0061077; GO:0044183; GO:0030288; GO:0042597; GO:0005515,envelope
flga,flagellar basal body P-ring formation protein FlgA,flagellar basal body P-ring formation protein FlgA,PE,GO:0044780; GO:0071973; GO:0044781; GO:0030288; GO:0042597,envelope
flha,flagellar biosynthesis protein FlhA,flagellar export apparatus,IM,GO:0044781; GO:0044780; GO:0009306; GO:0005886; GO:0016021; GO:0016020; GO:0015031,envelope
flha,flagellar biosynthesis protein FlhA,flagellum,IM,GO:0044781; GO:0044780; GO:0009306; GO:0005886; GO:0016021; GO:0016020; GO:0015031,envelope
foca,formate channel FocA,formate channel FocA,IM,GO:0019664; GO:0010447; GO:0042802; GO:0005515; GO:0055085; GO:0022857; GO:0016021; GO:0016020; GO:0005886; GO:0005887; GO:0015499; GO:0015724,envelope
frdc,fumarate reductase membrane protein FrdC,fumarate reductase,IM,GO:0102040; GO:0045284; GO:0044780; GO:0005886; GO:0001539; GO:0016021; GO:0016020; GO:0009061; GO:0006113,envelope
frdd,fumarate reductase membrane protein FrdD,fumarate reductase,IM,GO:0102040; GO:0044780; GO:0005887; GO:0045284; GO:0006106; GO:0005886; GO:0016021; GO:0016020; GO:0009061; GO:0006113,envelope
frua,fructose-specific PTS multiphosphoryl transfer protein FruA,fructose-specific PTS enzyme II,IM,GO:1902600; GO:0015755; GO:0034219; GO:0022877; GO:0005351; GO:0090582; GO:0005887; GO:0032445; GO:0016310; GO:0005886; GO:0016740; GO:0016301; GO:0016021; GO:0016020; GO:0008982; GO:0008643; GO:0009401,envelope
fsr,FSR-MONOMER,FSR-MONOMER,IM,GO:0005887; GO:0055085; GO:0006974; GO:0005886; GO:0046677; GO:0016021; GO:0016020,envelope
ftsb,cell division protein FtsB,"ribonucleoside-diphosphate reductase 1, &beta; subunit dimer",IM,GO:0032153; GO:0005887; GO:0042802; GO:0030428; GO:0043093; GO:0005515; GO:0005886; GO:0051301; GO:0016021; GO:0016020; GO:0007049;GO:0005515; GO:0046872; GO:0005737; GO:0042803; GO:0042802; GO:0009263; GO:0005971; GO:0055114; GO:0005829; GO:0016491; GO:0006260; GO:0005506; GO:0004748; GO:0015949,envelope
ftsb,cell division protein FtsB,FtsLBQ cell division complex,IM,GO:0032153; GO:0005887; GO:0042802; GO:0030428; GO:0043093; GO:0005515; GO:0005886; GO:0051301; GO:0016021; GO:0016020; GO:0007049;GO:0005515; GO:0046872; GO:0005737; GO:0042803; GO:0042802; GO:0009263; GO:0005971; GO:0055114; GO:0005829; GO:0016491; GO:0006260; GO:0005506; GO:0004748; GO:0015949,envelope
ftsb,cell division protein FtsB,ribonucleoside-diphosphate reductase 1,IM,GO:0032153; GO:0005887; GO:0042802; GO:0030428; GO:0043093; GO:0005515; GO:0005886; GO:0051301; GO:0016021; GO:0016020; GO:0007049;GO:0005515; GO:0046872; GO:0005737; GO:0042803; GO:0042802; GO:0009263; GO:0005971; GO:0055114; GO:0005829; GO:0016491; GO:0006260; GO:0005506; GO:0004748; GO:0015949,envelope
ftsw,essential cell division protein FtsW,essential cell division protein FtsW,IM,GO:0043093; GO:0016757; GO:0016740; GO:0008955; GO:0071555; GO:0015836; GO:0032153; GO:0016021; GO:0016020; GO:0005887; GO:0015648; GO:0005515; GO:0005886; GO:0051301; GO:0009252; GO:0008360; GO:0007049,envelope
gabp,4-aminobutanoate:H+ symporter,4-aminobutanoate:H+ symporter,IM,GO:0055085; GO:0022857; GO:0006995; GO:0090549; GO:0015291; GO:0015812; GO:0015185; GO:0009450; GO:0006974; GO:0005886; GO:0016021; GO:0016020; GO:0006865,envelope
gadc,XASA-MONOMER,XASA-MONOMER,IM,GO:0055085; GO:0022857; GO:0005623; GO:0005886; GO:0016021; GO:0016020; GO:0015297; GO:0006865; GO:0051454,envelope
galp,galactose:H+ symporter,galactose:H+ symporter,IM,GO:1902600; GO:0005887; GO:0005351; GO:0022857; GO:0015293; GO:0008643; GO:0055085; GO:0015517; GO:0015757; GO:0005886; GO:0016021; GO:0016020,envelope
gatc,galactitol-specific PTS enzyme IIC component,galactitol-specific PTS enzyme IIC component,IM,GO:0090584; GO:0005887; GO:0015796; GO:0005886; GO:0009401,envelope
gcd,quinoprotein glucose dehydrogenase,quinoprotein glucose dehydrogenase,IM,GO:0005515; GO:0048038; GO:0016614; GO:0016491; GO:0016020; GO:0030288; GO:0019595; GO:0000287; GO:0048039; GO:0070968; GO:0055114; GO:0005886; GO:0016021; GO:0008876,envelope
gfca,threonine-rich inner membrane protein GfcA,threonine-rich inner membrane protein GfcA,IM,GO:0005887; GO:0005886; GO:0016021; GO:0016020,envelope
gfcd,putative lipoprotein GfcD,putative lipoprotein GfcD,LPO,GO:0009279; GO:0005886; GO:0016020,envelope
gfce,putative exopolysaccharide export lipoprotein GfcE,putative exopolysaccharide export lipoprotein GfcE,OM,GO:0055085; GO:0015159; GO:0015288; GO:0046930; GO:0009279; GO:0016021; GO:0016020; GO:0015774; GO:0008643; GO:0006811,envelope
ghxp,guanine/hypoxanthine transporter GhxP,guanine/hypoxanthine transporter GhxP,IM,GO:0022857; GO:0098710; GO:0015208; GO:0035344; GO:0005887; GO:0006863; GO:0005345; GO:0055085; GO:0005886; GO:0016021; GO:0016020,envelope
glca,glycolate/lactate:H+ symporter GlcA,glycolate/lactate:H+ symporter GlcA,IM,GO:1902600; GO:0015727; GO:0015295; GO:0043879; GO:0005887; GO:0035873; GO:0005886; GO:0016021; GO:0016020; GO:0015129;GO:1904659; GO:0005515; GO:0090564; GO:0005829; GO:0098708; GO:0005887; GO:0005355; GO:0016310; GO:0005886; GO:0016740; GO:0016301; GO:0016021; GO:0016020; GO:0008982; GO:0008643; GO:0009401,envelope
glnp,L-glutamine ABC transporter membrane subunit,L-glutamine ABC transporter,IM,GO:0071705; GO:0055085; GO:0022857; GO:0006868; GO:0015186; GO:0043190; GO:0005886; GO:0016021; GO:0016020; GO:0006865,envelope
glpf,glycerol facilitator,glycerol facilitator,IM,GO:0006833; GO:0055085; GO:0015267; GO:0016020; GO:0071288; GO:0015168; GO:0005886; GO:0046872; GO:0016021; GO:0015793; GO:0015254,envelope
glpg,rhomboid protease GlpG,rhomboid protease GlpG,IM,GO:0042802; GO:0005887; GO:0004175; GO:0016787; GO:0016020; GO:0008233; GO:0004252; GO:0006508; GO:0008236; GO:0005886; GO:0016021,envelope
glrk,"sensory histidine kinase GlrK - phosphorylated // ""sensory histidine kinase GlrK""",sensory histidine kinase GlrK,IM,GO:0005886; GO:0032147; GO:0030295; GO:0007234; GO:0000156; GO:0071871; GO:0005515; GO:0000160; GO:0023014; GO:0018106; GO:0016772; GO:0016740; GO:0016310; GO:0016301; GO:0007165; GO:0004673; GO:0005887; GO:0000166; GO:0046777; GO:0016021; GO:0016020; GO:0005524; GO:0000155,envelope
gltf,periplasmic protein GltF,periplasmic protein GltF,PE,GO:0030288; GO:0005886; GO:0016021; GO:0016020,envelope
gltj,glutamate/aspartate ABC transporter membrane subunit GltJ,glutamate / aspartate ABC transporter,IM,GO:0071705; GO:0055085; GO:0022857; GO:0005887; GO:0043190; GO:0005886; GO:0016021; GO:0016020; GO:0006865,envelope
gltk,glutamate/aspartate ABC transporter membrane subunit GltK,glutamate / aspartate ABC transporter,IM,GO:0071705; GO:0055085; GO:0022857; GO:0005887; GO:1901998; GO:0043190; GO:0005886; GO:0016021; GO:0016020; GO:0006865,envelope
gltp,glutamate/aspartate : H+ symporter GltP,glutamate/aspartate : H+ symporter GltP,IM,GO:1902600; GO:0055085; GO:0022857; GO:0005280; GO:0015813; GO:0015810; GO:0006865; GO:0016020; GO:0015293; GO:0005886; GO:0016021; GO:0006835,envelope
glts,glutamate:sodium symporter,glutamate:sodium symporter,IM,GO:0055085; GO:0006865; GO:0016020; GO:0015813; GO:0015501; GO:0015293; GO:0006811; GO:0005886; GO:0016021; GO:0006814,envelope
gntp,fructuronate transporter,fructuronate transporter,IM,GO:1902600; GO:0016021; GO:0008643; GO:0046177; GO:0005887; GO:0035429; GO:0005351; GO:0005886; GO:0019521; GO:0016020; GO:0015128,envelope
gntt,high-affinity gluconate transporter,high-affinity gluconate transporter,IM,GO:0005887; GO:0035429; GO:0015128; GO:0008643; GO:0046177; GO:0005886; GO:0019521; GO:0016021; GO:0016020,envelope
gntu,low-affinity gluconate transporter,low-affinity gluconate transporter,IM,GO:0016021; GO:0016020; GO:0008643; GO:0005886; GO:0035429; GO:0005402; GO:0005887; GO:0019521; GO:0015128,envelope
gsic,glutathione ABC transporter membrane subunit GsiC,glutathione ABC transporter,IM,GO:0055085; GO:0043190; GO:0005887; GO:0034634; GO:0034775; GO:0005886; GO:0016021; GO:0016020,envelope
gsid,glutathione ABC transporter membrane subunit GsiD,glutathione ABC transporter,IM,GO:0071916; GO:0035442; GO:0055085; GO:0043190; GO:0005887; GO:0034634; GO:0034775; GO:0005886; GO:0016021; GO:0016020,envelope
gspc,Type II secretion system protein GspC,Type II secretion system,IM,GO:0005887; GO:0015628; GO:0015627; GO:0015031; GO:0005886; GO:0016021; GO:0016020,envelope
gspd,Type II secretion system protein GspD,Type II secretion system,OM,GO:0042802; GO:0016021; GO:0019867; GO:0015628; GO:0015627; GO:0009306; GO:0015031; GO:0009279; GO:0016020,envelope
gsph,Type II secretion system protein GspH,Type II secretion system,IM,GO:0005887; GO:0005515; GO:0015628; GO:0015627; GO:0015031,envelope
hcat,putative 3-phenylpropionate transporter,putative 3-phenylpropionate transporter,IM,GO:0030395; GO:0015767; GO:0015528; GO:0005887; GO:0055085; GO:0005886; GO:0016021; GO:0016020; GO:0015293,envelope
hdea,periplasmic acid stress chaperone HdeA,periplasmic acid stress chaperone HdeA,PE,GO:1990451; GO:0042802; GO:0042597; GO:0042803; GO:0030288; GO:0051087; GO:0071468,envelope
hded,acid-resistance membrane protein,acid-resistance membrane protein,IM,GO:0005886; GO:0016021; GO:0016020; GO:0009268,envelope
hism,"lysine/arginine/ornithine ABC transporter / histidine ABC transporter, membrane subunit HisM",histidine ABC transporter,IM,GO:0071705; GO:0055085; GO:0022857; GO:0097639; GO:0097638; GO:0005289; GO:0005292; GO:0097640; GO:0097627; GO:0089709; GO:1903810; GO:0005291; GO:0043190; GO:0005887; GO:0005886; GO:0016021; GO:0016020; GO:0006865,envelope
hism,"lysine/arginine/ornithine ABC transporter / histidine ABC transporter, membrane subunit HisM",lysine / arginine / ornithine ABC transporter,IM,GO:0071705; GO:0055085; GO:0022857; GO:0097639; GO:0097638; GO:0005289; GO:0005292; GO:0097640; GO:0097627; GO:0089709; GO:1903810; GO:0005291; GO:0043190; GO:0005887; GO:0005886; GO:0016021; GO:0016020; GO:0006865,envelope
hisq,"lysine/arginine/ornithine ABC transporter / histidine ABC transporter, membrane subunit HisQ",histidine ABC transporter,IM,GO:0071705; GO:0055085; GO:0022857; GO:0097638; GO:0097639; GO:0097640; GO:0097627; GO:0005289; GO:0005292; GO:0005291; GO:0043190; GO:0005887; GO:1903810; GO:0089709; GO:0003333; GO:0005886; GO:0016021; GO:0016020; GO:0006865,envelope
hisq,"lysine/arginine/ornithine ABC transporter / histidine ABC transporter, membrane subunit HisQ",lysine / arginine / ornithine ABC transporter,IM,GO:0071705; GO:0055085; GO:0022857; GO:0097638; GO:0097639; GO:0097640; GO:0097627; GO:0005289; GO:0005292; GO:0005291; GO:0043190; GO:0005887; GO:1903810; GO:0089709; GO:0003333; GO:0005886; GO:0016021; GO:0016020; GO:0006865,envelope
hslj,lipoprotein implicated in Novobiocin resistance,lipoprotein implicated in Novobiocin resistance,OM,GO:0016020; GO:0009408,envelope
hsra,putative transporter HsrA,putative transporter HsrA,IM,GO:0022857; GO:0005887; GO:0055085; GO:0005886; GO:0016021; GO:0016020,envelope
hyaa,hydrogenase 1 small subunit,"hydrogenase 1, oxygen tolerant hydrogenase",IM,GO:0022900; GO:0005887; GO:0009375; GO:1902421; GO:0019645; GO:0006113; GO:0044569; GO:0031237; GO:0005515; GO:0008901; GO:0033748; GO:0055114; GO:0005886; GO:0051539; GO:0051538; GO:0051536; GO:0046872; GO:0016491; GO:0016021; GO:0016020; GO:0009061; GO:0009055,envelope
hyaa,hydrogenase 1 small subunit,hydrogenase 1,IM,GO:0022900; GO:0005887; GO:0009375; GO:1902421; GO:0019645; GO:0006113; GO:0044569; GO:0031237; GO:0005515; GO:0008901; GO:0033748; GO:0055114; GO:0005886; GO:0051539; GO:0051538; GO:0051536; GO:0046872; GO:0016491; GO:0016021; GO:0016020; GO:0009061; GO:0009055,envelope
hyba,hydrogenase 2 iron-sulfur protein,hydrogenase 2,PE,GO:0042597; GO:0033748; GO:0009061; GO:0019588; GO:0044569; GO:0005887; GO:0047067; GO:0055114; GO:0051539; GO:0051536; GO:0046872; GO:0016491,envelope
hybb,hydrogenase 2 membrane subunit,hydrogenase 2,IM,GO:0036397; GO:0015944; GO:0009326; GO:0033748; GO:0005887; GO:0044569; GO:0055114; GO:0005886; GO:0046872; GO:0016021; GO:0016020; GO:0009061,envelope
hybo,hydrogenase 2 small subunit,hydrogenase 2,PE,GO:0005887; GO:0051539; GO:0051538; GO:0046872; GO:0033748; GO:0044569; GO:0031236; GO:0009375; GO:0008901; GO:0055114; GO:0005886; GO:0051536; GO:0042597; GO:0016491; GO:0016020; GO:0005515; GO:0009061; GO:0009055,envelope
iap,alkaline phosphatase isozyme conversion protein,alkaline phosphatase isozyme conversion protein,PE,GO:0046872; GO:0043687; GO:0030288; GO:0016787; GO:0008233; GO:0006508; GO:0004177,envelope
kdpb,K+ transporting P-type ATPase subunit KdpB,K<sup>+</sup> transporting P-type ATPase,IM,GO:0000287; GO:0005887; GO:0031004; GO:0098655; GO:0071805; GO:0005515; GO:0016020; GO:0006811; GO:0005886; GO:0046872; GO:0016021; GO:0006813; GO:0005524; GO:0000166; GO:0008556,envelope
kdpd,sensory histidine kinase KdpD,sensory histidine kinase KdpD,IM,GO:0016311; GO:0000160; GO:0008134; GO:0042803; GO:0071472; GO:0031668; GO:0016791; GO:0005887; GO:0023014; GO:0018106; GO:0016772; GO:0016740; GO:0016310; GO:0016301; GO:0016020; GO:0007165; GO:0005886; GO:0004673; GO:0005515; GO:0046777; GO:0000166; GO:0016021; GO:0005524; GO:0009593; GO:0000155,envelope
kdpd,sensory histidine kinase KdpD,sensory histidine kinase KdpD - phosphorylated,IM,GO:0016311; GO:0000160; GO:0008134; GO:0042803; GO:0071472; GO:0031668; GO:0016791; GO:0005887; GO:0023014; GO:0018106; GO:0016772; GO:0016740; GO:0016310; GO:0016301; GO:0016020; GO:0007165; GO:0005886; GO:0004673; GO:0005515; GO:0046777; GO:0000166; GO:0016021; GO:0005524; GO:0009593; GO:0000155,envelope
kefb,KEFB-MONOMER,KEFB-MONOMER,IM,GO:0098655; GO:0055085; GO:1902600; GO:0071805; GO:0006812; GO:0005887; GO:0015503; GO:0015299; GO:0008324; GO:0005886; GO:0016021; GO:0016020; GO:0015297; GO:0006813; GO:0006811,envelope
kefc,K+ : H+ antiporter KefC,K<sup>+</sup> : H<sup>+</sup> antiporter KefC,IM,GO:0055085; GO:1902600; GO:0098655; GO:0071805; GO:0016021; GO:0015079; GO:0008324; GO:0006812; GO:0006811; GO:0005886; GO:0015299; GO:0000166; GO:0006885; GO:0016020; GO:0005887; GO:0042803; GO:0019899; GO:0015643; GO:0005515; GO:0051595; GO:0009636; GO:0015503; GO:0015297; GO:0006813,envelope
kgtp,&alpha;-ketoglutarate:H+ symporter,&alpha;-ketoglutarate:H+ symporter,IM,GO:0034220; GO:0005887; GO:0098655; GO:0022857; GO:0015293; GO:0055085; GO:0015294; GO:0005886; GO:0016021; GO:0016020,envelope
kup,K+:H+ symporter Kup,K+:H+ symporter Kup,IM,GO:0071278; GO:0015387; GO:0005887; GO:0071805; GO:0015079; GO:0005886; GO:0016021; GO:0016020; GO:0015293; GO:0006813; GO:0006811,envelope
lamb,maltose outer membrane channel / phage lambda receptor protein,maltose outer membrane channel / phage lambda receptor protein,OM,GO:0031230; GO:0015144; GO:0034219; GO:0046718; GO:0016032; GO:0001618; GO:0016021; GO:0016020; GO:0009279; GO:0008643; GO:0015768; GO:0015481; GO:0006974; GO:0042958; GO:0045203; GO:0042956; GO:0046930; GO:0005515; GO:0015288; GO:0006811,envelope
leue,leucine exporter,leucine exporter,IM,GO:0098655; GO:0042970; GO:0042968; GO:1902475; GO:0006865; GO:0005886; GO:0015820; GO:0015190; GO:0016021; GO:0016020,envelope
lit,e14 prophage; cell death peptidase Lit,e14 prophage; cell death peptidase Lit,IM,GO:0016787; GO:0006508; GO:0005829; GO:0006448; GO:0005886; GO:0016021; GO:0016020; GO:0008233,envelope
livh,branched chain amino acid/phenylalanine ABC transporter membrane subunit LivH,branched chain amino acid / phenylalanine ABC transporter,IM,GO:1903806; GO:0042941; GO:0015808; GO:0055085; GO:0022857; GO:0005887; GO:1903714; GO:1903785; GO:0098713; GO:0015823; GO:0015188; GO:0005304; GO:0015190; GO:0055052; GO:0015192; GO:0015803; GO:0015658; GO:0005886; GO:0016021; GO:0016020; GO:0006865,envelope
livh,branched chain amino acid/phenylalanine ABC transporter membrane subunit LivH,leucine / L-phenylalanine ABC transporter,IM,GO:1903806; GO:0042941; GO:0015808; GO:0055085; GO:0022857; GO:0005887; GO:1903714; GO:1903785; GO:0098713; GO:0015823; GO:0015188; GO:0005304; GO:0015190; GO:0055052; GO:0015192; GO:0015803; GO:0015658; GO:0005886; GO:0016021; GO:0016020; GO:0006865,envelope
livm,branched chain amino acid/phenylalanine ABC transporter membrane subunit LivM,branched chain amino acid / phenylalanine ABC transporter,IM,GO:0055085; GO:0022857; GO:0005887; GO:1903714; GO:1903785; GO:0098713; GO:0015823; GO:0015188; GO:0005304; GO:0015190; GO:0015192; GO:0055052; GO:0015803; GO:0015658; GO:0005886; GO:0016021; GO:0016020; GO:0006865,envelope
livm,branched chain amino acid/phenylalanine ABC transporter membrane subunit LivM,leucine / L-phenylalanine ABC transporter,IM,GO:0055085; GO:0022857; GO:0005887; GO:1903714; GO:1903785; GO:0098713; GO:0015823; GO:0015188; GO:0005304; GO:0015190; GO:0015192; GO:0055052; GO:0015803; GO:0015658; GO:0005886; GO:0016021; GO:0016020; GO:0006865,envelope
lldp,lactate/glycolate:H+ symporter LldP,lactate/glycolate:H+ symporter LldP,IM,GO:1902600; GO:0015727; GO:0016021; GO:0016020; GO:0005886; GO:0006974; GO:0015295; GO:0043879; GO:0035873; GO:0005887; GO:0015129,envelope
lolc,lipoprotein release complex - inner membrane subunit,lipoprotein release complex,IM,GO:0089705; GO:0140306; GO:0030288; GO:0005515; GO:0042953; GO:0098797; GO:0044874; GO:0016021; GO:0016020; GO:0005886; GO:0005887,envelope
lplt,lysophospholipid transporter,lysophospholipid transporter,IM,GO:0055085; GO:0051978; GO:0051977; GO:0006869; GO:0005319; GO:0045332; GO:0006650; GO:0005887; GO:0016020; GO:0005886; GO:0016021,envelope
lptc,lipopolysaccharide transport system protein LptC,lipopolysaccharide transport system,IM,GO:0043165; GO:0042802; GO:1990351; GO:0046836; GO:0016020; GO:0005515; GO:0015221; GO:0030288; GO:0005887; GO:0005886; GO:0015920; GO:0016021; GO:0017089,envelope
lptf,lipopolysaccharide transport system protein LptF,lipopolysaccharide transport system,IM,GO:0015437; GO:0005515; GO:1990351; GO:0055085; GO:0016020; GO:0043190; GO:0015920; GO:0005886; GO:0016021,envelope
lptg,lipopolysaccharide transport system protein LptG,lipopolysaccharide transport system,IM,GO:0015437; GO:0005515; GO:1990351; GO:0055085; GO:0016020; GO:0043190; GO:0015920; GO:0005886; GO:0016021,envelope
lpxk,TETRAACYLDISACC4KIN-MONOMER,TETRAACYLDISACC4KIN-MONOMER,IM,GO:0005829; GO:0016740; GO:0006629; GO:0016020; GO:0005886; GO:0016310; GO:0016301; GO:0005524; GO:0000166; GO:0009029; GO:0009244; GO:0009245,envelope
lpxl,LAUROYLACYLTRAN-MONOMER,LAUROYLACYLTRAN-MONOMER,IM,GO:0008913; GO:0005887; GO:0009103; GO:0036104; GO:0005886; GO:0016740; GO:0016021; GO:0016020; GO:0016746; GO:0006950; GO:0009245,envelope
lpxp,PALMITOTRANS-MONOMER,PALMITOTRANS-MONOMER,IM,GO:0009245; GO:0009103; GO:0005887; GO:0009409; GO:0036104; GO:0008951; GO:0005886; GO:0016740; GO:0016021; GO:0016020; GO:0016746,envelope
lspa,lipoprotein signal peptidase,lipoprotein signal peptidase,IM,GO:0005887; GO:0004175; GO:0097304; GO:0005886; GO:0016787; GO:0016021; GO:0016020; GO:0008233; GO:0006508; GO:0004190,envelope
lsrb,Autoinducer-2 ABC transporter periplasmic binding protein,Autoinducer-2 ABC transporter,PE,GO:0043190; GO:0030288; GO:0009372; GO:0042597,envelope
lysp,LYSP-MONOMER,LYSP-MONOMER,IM,GO:0055085; GO:0022857; GO:0005515; GO:0003333; GO:0030288; GO:0008134; GO:0051090; GO:0043200; GO:0097639; GO:0015189; GO:0042802; GO:0005887; GO:0005886; GO:0016021; GO:0016020; GO:0006865,envelope
maca,ABC-type tripartite efflux pump membrane fusion protein,ABC-type tripartite efflux pump,IM,GO:1990961; GO:1990281; GO:0046677; GO:0015562; GO:0001530; GO:0042893; GO:0042897; GO:1990195; GO:1990196; GO:0042802; GO:0016021; GO:0016020; GO:0005515; GO:0055085; GO:0022857; GO:0019898; GO:0005886,envelope
macb,ABC-type tripartite efflux pump ATP binding/membrane subunit,ABC-type tripartite efflux pump,IM,GO:1990961; GO:0042893; GO:0042897; GO:0015562; GO:0042802; GO:0042803; GO:1990196; GO:0016020; GO:0005887; GO:0008559; GO:0005515; GO:0016887; GO:0005886; GO:0046677; GO:0016787; GO:0016021; GO:0005524; GO:0000166,envelope
malf,maltose ABC transporter membrane subunit MalF,maltose ABC transporter,IM,GO:1904981; GO:0055085; GO:1990060; GO:0005887; GO:0008643; GO:0005515; GO:0016020; GO:0006974; GO:0005886; GO:0016021; GO:0043190; GO:0015768; GO:0042956; GO:0015423,envelope
malg,maltose ABC transporter membrane subunit MalG,maltose ABC transporter,IM,GO:1904981; GO:0055085; GO:1990060; GO:0005887; GO:0005515; GO:0008643; GO:0016020; GO:0005886; GO:0016021; GO:0043190; GO:0015768; GO:0042956; GO:0015423,envelope
malm,maltose regulon periplasmic protein,maltose regulon periplasmic protein,PE,GO:0030288; GO:0042597; GO:0008643,envelope
mals,ALPHA-AMYL-PERI-MONOMER,ALPHA-AMYL-PERI-MONOMER,PE,GO:0103025; GO:0046872; GO:0016798; GO:0016787; GO:0008152; GO:0005975; GO:0003824; GO:0042597; GO:0051692; GO:0005509; GO:0030288; GO:0030980; GO:0004556,envelope
malx,PTS enzyme IIBC component MalX,PTS enzyme IIBC component MalX,IM,GO:0034219; GO:0005515; GO:0009758; GO:0005887; GO:0005363; GO:0015768; GO:0055056; GO:0046323; GO:0016310; GO:0016301; GO:0005886; GO:0016740; GO:0016021; GO:0016020; GO:0008982; GO:0008643; GO:0009401,envelope
marb,multiple antibiotic resistance protein,multiple antibiotic resistance protein,PE,GO:0030288; GO:0046677,envelope
marc,inner membrane protein MarC,inner membrane protein MarC,IM,GO:0016021; GO:0016020; GO:0005886; GO:0005887;GO:0051536; GO:0006355; GO:0051537; GO:0046872; GO:0003677; GO:0006979; GO:0005737,envelope
mdfa,multidrug efflux pump MdfA / Na+:H+ antiporter / K+:H+ antiporter,multidrug efflux pump MdfA / Na+:H+ antiporter / K+:H+ antiporter,IM,GO:0098656; GO:0022857; GO:0006855; GO:0005623; GO:0015299; GO:1990961; GO:0071805; GO:0035725; GO:0030641; GO:0015386; GO:0015385; GO:0005887; GO:0055085; GO:0046677; GO:0005886; GO:0016021; GO:0016020,envelope
mdla,ABC transporter family protein MdlA,ABC transporter family protein MdlA,IM,GO:0055085; GO:0042626; GO:0008559; GO:0046618; GO:0016887; GO:0005886; GO:0016021; GO:0016020; GO:0005524; GO:0000166,envelope
mdlb,ABC transporter family protein MdlB,ABC transporter family protein MdlB,IM,GO:0055085; GO:0042626; GO:0008559; GO:0046618; GO:0016887; GO:0005886; GO:0016021; GO:0016020; GO:0005524; GO:0000166,envelope
mdtb,multidrug efflux pump RND permease subunit MdtB,multidrug efflux pump MdtABC-TolC,IM,GO:1990281; GO:0042908; GO:0015299; GO:0055085; GO:0022857; GO:0015721; GO:0015125; GO:0016021; GO:0016020; GO:0005886; GO:0005515; GO:0005887,envelope
mdtc,multidrug efflux pump RND permease subunit MdtC,multidrug efflux pump MdtABC-TolC,IM,GO:1990281; GO:0042908; GO:0015299; GO:0055085; GO:0022857; GO:0015125; GO:0015721; GO:0016021; GO:0016020; GO:0005886; GO:0005515; GO:0005887,envelope
mdtd,putative multidrug efflux pump MdtD,putative multidrug efflux pump MdtD,IM,GO:0022857; GO:0005887; GO:0055085; GO:0005886; GO:0016021; GO:0016020,envelope
mdte,multidrug efflux pump membrane fusion protein MdtE,multidrug efflux pump MdtEF-TolC,IM,GO:0022857; GO:0006855; GO:0042908; GO:0042802; GO:0009636; GO:0015125; GO:0030288; GO:0015721; GO:0031226; GO:0055085; GO:0005886; GO:0046677; GO:0016020,envelope
mdtf,multidrug efflux pump RND permease MdtF,multidrug efflux pump MdtEF-TolC,IM,GO:0006855; GO:0042908; GO:0005887; GO:0042802; GO:0009636; GO:0015721; GO:0015125; GO:0055085; GO:0022857; GO:0015562; GO:0005886; GO:0046677; GO:0016021; GO:0016020,envelope
mdtg,efflux pump MdtG,efflux pump MdtG,IM,GO:0022857; GO:0015299; GO:0005887; GO:1990961; GO:1901562; GO:0055085; GO:0005886; GO:0046677; GO:0016021; GO:0016020,envelope
mdth,multidrug efflux pump MdtH,multidrug efflux pump MdtH,IM,GO:0022857; GO:0055085; GO:0005886; GO:0046677; GO:0016021; GO:0016020,envelope
mdti,multidrug/spermidine efflux pump membrane subunit MdtI,multidrug/spermidine efflux pump,IM,GO:0055085; GO:0022857; GO:0015871; GO:1990961; GO:0031460; GO:0015297; GO:0015220; GO:0015199; GO:0015848; GO:1903711; GO:0016021; GO:0016020; GO:0005886; GO:0005887; GO:0015606,envelope
mdtj,multidrug/spermidine efflux pump membrane subunit MdtJ,multidrug/spermidine efflux pump,IM,GO:0055085; GO:0022857; GO:0015871; GO:1990961; GO:0031460; GO:0015297; GO:0015220; GO:0015199; GO:0015848; GO:0005887; GO:1903711; GO:0005886; GO:0016021; GO:0016020; GO:0015606,envelope
mdtk,multidrug efflux pump MdtK,multidrug efflux pump MdtK,IM,GO:0098655; GO:0022857; GO:0006855; GO:0015297; GO:0005887; GO:0015298; GO:0042908; GO:0042910; GO:1990961; GO:0015833; GO:0015031; GO:0055085; GO:0035442; GO:0071916; GO:0034614; GO:0005886; GO:0046677; GO:0016021; GO:0016020; GO:0006814; GO:0006811,envelope
mdtl,efflux pump MdtL,efflux pump MdtL,IM,GO:0022857; GO:0006855; GO:0005887; GO:0015299; GO:0055085; GO:0005886; GO:0046677; GO:0016021; GO:0016020,envelope
mdtm,multidrug efflux pump / bile salt:H+ antiporter / Na+:H+ antiporter / K+:H+ antiporter,multidrug efflux pump / bile salt:H+ antiporter / Na+:H+ antiporter / K+:H+ antiporter,IM,GO:0098656; GO:0022857; GO:0006855; GO:0005623; GO:0015299; GO:0036376; GO:0097623; GO:1990961; GO:0015721; GO:0015125; GO:0055085; GO:0015385; GO:0015386; GO:0030641; GO:0005887; GO:0005886; GO:0046677; GO:0016021; GO:0016020,envelope
melb,melibiose:H+/Na+/Li+ symporter,melibiose:H+/Na+/Li+ symporter,IM,GO:0071702; GO:0022857; GO:0005515; GO:0055085; GO:0035725; GO:0034219; GO:0016021; GO:0015293; GO:0008643; GO:0005886; GO:0006814; GO:0015769; GO:0015765; GO:0015592; GO:0043887; GO:0005887; GO:0015486; GO:0015487; GO:0016020,envelope
mena,DMK-MONOMER,DMK-MONOMER,IM,GO:0005887; GO:0032194; GO:0042371; GO:0016765; GO:0000287; GO:0016740; GO:0004659; GO:0005886; GO:0016021; GO:0016020; GO:0009234; GO:0046428,envelope
mepa,peptidoglycan DD-endopeptidase/peptidoglycan LD-endopeptidase,peptidoglycan DD-endopeptidase/peptidoglycan LD-endopeptidase,PE,GO:0004222; GO:0016787; GO:0030288; GO:0004252; GO:0004175; GO:0046872; GO:0042597; GO:0008237; GO:0008233; GO:0006508; GO:0000270; GO:0042493; GO:0009252,envelope
meti,L-methionine/D-methionine ABC transporter membrane subunit,L-methionine/D-methionine ABC transporter,IM,GO:0055085; GO:1902475; GO:0048473; GO:0055052; GO:0005887; GO:0015191; GO:0048474; GO:0015821; GO:0005515; GO:0005886; GO:0016021; GO:0016020; GO:0006865,envelope
mglc,D-galactose/methyl-galactoside ABC transporter membrane subunit,D-galactose / methyl-&beta;-D-galactoside ABC transporter,IM,GO:0055085; GO:0022857; GO:0015765; GO:0015592; GO:0015757; GO:0005354; GO:0043190; GO:0005887; GO:0006974; GO:0005886; GO:0016021; GO:0016020; GO:0008643,envelope
mgta,Mg2+ importing P-type ATPase,Mg2+ importing P-type ATPase,IM,GO:0015662; GO:0071286; GO:0005515; GO:1903830; GO:0005887; GO:0015693; GO:0005886; GO:0046872; GO:0016021; GO:0016020; GO:0005524; GO:0000166; GO:0015444,envelope
mhpt,3-hydroxyphenylpropionate/3-hydroxycinnamate:H+ symporter,3-hydroxyphenylpropionate/3-hydroxycinnamate:H+ symporter,IM,GO:0022857; GO:0015293; GO:0055085; GO:0005887; GO:0042920; GO:0015540; GO:0005886; GO:0016021; GO:0016020,envelope
mlae,"intermembrane phospholipid transport system, integral membrane subunit MlaE",intermembrane phospholipid transport system,IM,GO:0005548; GO:0120014; GO:0120010; GO:0043190; GO:0032991; GO:0015914; GO:0005886; GO:0016021; GO:0016020,envelope
mltb,membrane-bound lytic murein transglycosylase B,membrane-bound lytic murein transglycosylase B,LPO,GO:0036405; GO:0030288; GO:0008932; GO:0005515; GO:0005509; GO:0031402; GO:0009253; GO:0071555; GO:0016829; GO:0016020; GO:0008933; GO:0009279,envelope
mltb,membrane-bound lytic murein transglycosylase B,membrane-bound lytic murein transglycosylase B,LPO,GO:0036405; GO:0030288; GO:0008932; GO:0005515; GO:0005509; GO:0031402; GO:0009253; GO:0071555; GO:0016829; GO:0016020; GO:0008933; GO:0009279;GO:0005515; GO:0009274; GO:0008932; GO:0009253; GO:0071555; GO:0042597; GO:0016020; GO:0004553; GO:0000270; GO:0030288; GO:0008933; GO:0016829,envelope
mltd,membrane-bound lytic murein transglycosylase D,membrane-bound lytic murein transglycosylase D,LPO,GO:0051301; GO:0036405; GO:0051353; GO:0008932; GO:0071555; GO:0000270; GO:0008933; GO:0016829; GO:0005886; GO:0016020,envelope
mmup,B0260-MONOMER,B0260-MONOMER,IM,GO:0055085; GO:0022857; GO:0015171; GO:0003333; GO:0006865; GO:0015806; GO:0000100; GO:0005887; GO:0005886; GO:0016021; GO:0016020; GO:0009086,envelope
mnth,Mn2+/Fe2+: H+ symporter MntH,Mn2+/Fe2+: H+ symporter MntH,IM,GO:0071281; GO:0046872; GO:0046873; GO:0005515; GO:1902600; GO:0071421; GO:0070574; GO:0055085; GO:0016020; GO:0006811; GO:0030001; GO:0015691; GO:0015086; GO:0015078; GO:0006826; GO:0006824; GO:0005384; GO:0034599; GO:0005886; GO:0016021; GO:0015293; GO:0006828; GO:0015292,envelope
modb,molybdate ABC transporter membrane subunit,molybdate ABC transporter,IM,GO:0055085; GO:0005887; GO:0043190; GO:0015689; GO:0015098; GO:0005886; GO:0016021; GO:0016020,envelope
mota,motility protein A,flagellum,IM,GO:0120101; GO:0071978; GO:0071973; GO:0097588; GO:0016020; GO:0005886; GO:0016021; GO:0006935; GO:0006811,envelope
mota,motility protein A,flagellar motor complex,IM,GO:0120101; GO:0071978; GO:0071973; GO:0097588; GO:0016020; GO:0005886; GO:0016021; GO:0006935; GO:0006811,envelope
motb,motility protein B,motility protein B,IM,GO:0120101; GO:0005887; GO:0097588; GO:0016020; GO:0005886; GO:0016021; GO:0006935,envelope
mray,PHOSNACMURPENTATRANS-MONOMER,PHOSNACMURPENTATRANS-MONOMER,IM,GO:0044038; GO:0016780; GO:0005887; GO:0071555; GO:0016740; GO:0051992; GO:0005886; GO:0051301; GO:0016021; GO:0016020; GO:0008360; GO:0007049; GO:0008963; GO:0009252,envelope
mrcb,"PBP1B&gamma; // ""peptidoglycan glycosyltransferase / peptidoglycan DD-transpeptidase MrcB""","PBP1B&gamma; // ""peptidoglycan glycosyltransferase / peptidoglycan DD-transpeptidase MrcB""",IM,GO:0051518; GO:0004180; GO:0071723; GO:0010165; GO:0006508; GO:0005887; GO:0030288; GO:0071555; GO:0009274; GO:0016787; GO:0016757; GO:0016740; GO:0008233; GO:0008152; GO:0003824; GO:0005515; GO:0005886; GO:0008144; GO:0009002; GO:0046677; GO:0016021; GO:0016020; GO:0008658; GO:0008360; GO:0008955; GO:0009252,envelope
mrdb,SEDS family protein MrdB,SEDS family protein MrdB,IM,GO:0032153; GO:0015836; GO:0015648; GO:0005887; GO:0071555; GO:0016757; GO:0016740; GO:0008955; GO:0051301; GO:0009252; GO:0005886; GO:0016021; GO:0016020; GO:0008360,envelope
mred,cell shape determining protein MreD,cell shape determining protein MreD,IM,GO:0005887; GO:0005515; GO:0005886; GO:0016021; GO:0016020; GO:0008360,envelope
msck,"potassium dependent, small conductance mechanosensitive channel","potassium dependent, small conductance mechanosensitive channel",IM,GO:0005623; GO:0055085; GO:0005886; GO:0016021; GO:0016020; GO:0006813; GO:0006811; GO:0008381; GO:0009992,envelope
mtga,peptidoglycan glycosyltransferase MtgA,peptidoglycan glycosyltransferase MtgA,IM,GO:0016757; GO:0005887; GO:0071555; GO:0005515; GO:0016740; GO:0016020; GO:0016763; GO:0009274; GO:0005886; GO:0043164; GO:0008955; GO:0016021; GO:0008360; GO:0009252,envelope
mtla,mannitol-specific PTS enzyme IICBA component,mannitol-specific PTS enzyme II,IM,GO:0034219; GO:0022872; GO:0015795; GO:0090565; GO:0005887; GO:0015797; GO:0016310; GO:0016301; GO:0005886; GO:0016740; GO:0016021; GO:0016020; GO:0008982; GO:0008643; GO:0009401,envelope
mtr,tryptophan:H+ symporter Mtr,tryptophan:H+ symporter Mtr,IM,GO:0016021; GO:0016020; GO:0015801; GO:0015173; GO:0006865; GO:0005886; GO:0015827; GO:0005300; GO:0003333; GO:0015293; GO:0022804; GO:0005887,envelope
murj,lipid II flippase MurJ,lipid II flippase MurJ,IM,GO:0034204; GO:0000935; GO:1901612; GO:0034203; GO:0071555; GO:0008360; GO:0015836; GO:0015648; GO:0005887; GO:0005886; GO:0009252; GO:0016021; GO:0016020,envelope
murp,N-acetylmuramic acid-specific PTS enzyme IICB component / anhydro-N-acetylmuramic acid transporter,N-acetylmuramic acid-specific PTS enzyme II,IM,GO:0090588; GO:0005887; GO:0034219; GO:0016310; GO:0016301; GO:0005886; GO:0016740; GO:0016021; GO:0016020; GO:0008982; GO:0008643; GO:0009401,envelope
mzra,modulator protein MzrA,modulator protein MzrA,IM,GO:0005887; GO:0016020; GO:0005515; GO:0005886; GO:0045859; GO:0019901; GO:0016021,envelope
nanm,N-acetylneuraminate mutarotase,<i>N</i>-acetylneuraminate mutarotase,PE,GO:0042597; GO:0016853; GO:0005975; GO:0016857; GO:0030288,envelope
napa,periplasmic nitrate reductase subunit NapA,periplasmic nitrate reductase,PE,GO:0022900; GO:0009055; GO:0006777; GO:0005506; GO:0043546; GO:0050140; GO:0051536; GO:0046872; GO:0016491; GO:0009061; GO:0005515; GO:0055114; GO:0042128; GO:0030288; GO:0051539; GO:0042597; GO:0030151; GO:0008940,envelope
napb,periplasmic nitrate reductase cytochrome c550 protein,periplasmic nitrate reductase,PE,GO:0005515; GO:0055114; GO:0030288; GO:0046872; GO:0042597; GO:0009061,envelope
napc,periplasmic nitrate reductase cytochrome c protein,periplasmic nitrate reductase cytochrome c protein,IM,GO:0022900; GO:0005887; GO:0009055; GO:0055114; GO:0020037; GO:0019333; GO:0005886; GO:0046872; GO:0016021; GO:0016020; GO:0009061,envelope
napg,ferredoxin-type protein NapG,ubiquinol&mdash;[NapC cytochrome <i>c</i>] reductase NapGH,PE,GO:0042597; GO:0005886; GO:0055114; GO:0030288; GO:0051539; GO:0051536; GO:0046872,envelope
naph,ferredoxin-type protein NapH,ubiquinol&mdash;[NapC cytochrome <i>c</i>] reductase NapGH,IM,GO:0055114; GO:0005886; GO:0051539; GO:0051536; GO:0046872; GO:0016021; GO:0016020,envelope
nari,nitrate reductase A subunit &gamma;,nitrate reductase A,IM,GO:0019645; GO:0005887; GO:0044799; GO:0020037; GO:0055114; GO:0046872; GO:0016020; GO:0009325; GO:0042128; GO:0016021; GO:0016491; GO:0005886; GO:0008940; GO:0009061; GO:0009055,envelope
nark,nitrate:nitrite antiporter NarK,nitrate:nitrite antiporter NarK,IM,GO:0015113; GO:0005887; GO:0055085; GO:0042128; GO:0005886; GO:0016021; GO:0016020; GO:0015706; GO:0015707; GO:0015112; GO:0005452; GO:0015513; GO:0015514,envelope
narq,"sensory histidine kinase NarQ  - phosphorylated // ""sensory histidine kinase NarQ""",sensory histidine kinase NarQ,IM,GO:0000160; GO:0023014; GO:0018106; GO:0016740; GO:0016301; GO:0007165; GO:0004673; GO:0046983; GO:0042128; GO:0005524; GO:0016310; GO:0071249; GO:0071250; GO:0000166; GO:0005886; GO:0016021; GO:0016020; GO:0000155,envelope
narq,"sensory histidine kinase NarQ  - phosphorylated // ""sensory histidine kinase NarQ""",sensory histidine kinase NarQ  - phosphorylated,IM,GO:0000160; GO:0023014; GO:0018106; GO:0016740; GO:0016301; GO:0007165; GO:0004673; GO:0046983; GO:0042128; GO:0005524; GO:0016310; GO:0071249; GO:0071250; GO:0000166; GO:0005886; GO:0016021; GO:0016020; GO:0000155,envelope
naru,nitrate/nitrite transporter NarU,nitrate/nitrite transporter NarU,IM,GO:0005887; GO:0015113; GO:0055085; GO:0042128; GO:0005886; GO:0016021; GO:0016020; GO:0015706; GO:0015707; GO:0015112; GO:0015514,envelope
narv,nitrate reductase Z subunit &gamma;,nitrate reductase Z,IM,GO:0009055; GO:0019645; GO:0009061; GO:0020037; GO:0055114; GO:0009325; GO:0042128; GO:0016020; GO:0016491; GO:0046872; GO:0005886; GO:0016021; GO:0008940,envelope
narx,sensory histidine kinase NarX,sensory histidine kinase NarX,IM,GO:0006974; GO:0005515; GO:0042803; GO:0005887; GO:0030288; GO:0000160; GO:0006470; GO:0023014; GO:0018106; GO:0016740; GO:0016310; GO:0016301; GO:0007165; GO:0004673; GO:0046983; GO:0042128; GO:0005524; GO:0004721; GO:0046777; GO:0071249; GO:0071250; GO:0000166; GO:0005886; GO:0016021; GO:0016020; GO:0000155,envelope
nepi,purine ribonucleoside exporter,purine ribonucleoside exporter,IM,GO:0055085; GO:0015860; GO:0015211; GO:0005886; GO:0016021; GO:0016020,envelope
nfra,bacteriophage N4 outer membrane receptor,bacteriophage N4 outer membrane receptor,OM,GO:0046813; GO:0016020; GO:0009279,envelope
nhaa,Na+:H+ antiporter NhaA,Na<sup>+</sup>:H<sup>+</sup> antiporter NhaA,IM,GO:0015081; GO:0005623; GO:1901612; GO:0006885; GO:0043157; GO:0015385; GO:0036376; GO:0051453; GO:0005887; GO:0015297; GO:0006811; GO:0005886; GO:0016021; GO:0016020; GO:0006883; GO:0006814,envelope
nhab,Na+:H+ antiporter NhaB,Na+:H+ antiporter NhaB,IM,GO:0015081; GO:0005887; GO:0005623; GO:0035725; GO:0016020; GO:0015297; GO:0006811; GO:0005886; GO:0010226; GO:0016021; GO:0015385; GO:0015491; GO:1902600; GO:0006814; GO:0051452; GO:0006883,envelope
nika,Ni(2+) ABC transporter periplasmic binding protein,Ni(2+) ABC transporter,PE,GO:1904680; GO:0042886; GO:0005515; GO:0055085; GO:0046914; GO:0043190; GO:0051540; GO:0015675; GO:0030288; GO:0050919; GO:0020037; GO:0042597; GO:0016151,envelope
nikc,Ni(2+) ABC transporter membrane subunit NikC,Ni(2+) ABC transporter,IM,GO:0071916; GO:0035442; GO:0055085; GO:0055052; GO:0005887; GO:0015675; GO:0006811; GO:0016151; GO:0035444; GO:0015099; GO:0005886; GO:0016021; GO:0016020; GO:0015413,envelope
nirc,NIRC-MONOMER,NIRC-MONOMER,IM,GO:0015706; GO:0055085; GO:0022857; GO:0042128; GO:0005886; GO:0016021; GO:0016020; GO:0015513; GO:0015707,envelope
nlpc,NlpC/P60 family lipoprotein NlpC,NlpC/P60 family lipoprotein NlpC,LPO,GO:0030288; GO:0016787; GO:0008234; GO:0008233; GO:0006508; GO:0005886; GO:0016020,envelope
nrfa,cytochrome c552 nitrite reductase,periplasmic nitrite reductase NrfAB,PE,GO:0005506; GO:0042279; GO:0046872; GO:0020037; GO:0019645; GO:0030288; GO:0042128; GO:0005509; GO:0006807; GO:0016491; GO:0042597; GO:0055114; GO:0016966,envelope
nuol,NADH:quinone oxidoreductase subunit L,NADH:quinone oxidoreductase I,IM,GO:0016021; GO:0016020; GO:0055114; GO:0042773; GO:0015990; GO:0030964; GO:0005886; GO:0045272; GO:0048038; GO:0005887; GO:0008137,envelope
nuom,NADH:quinone oxidoreductase subunit M,NADH:quinone oxidoreductase subunit M,IM,GO:0055114; GO:0048038; GO:0016021; GO:0016020; GO:0042773; GO:0015990; GO:0048039; GO:0030964; GO:0005886; GO:0045272; GO:0005887; GO:0008137; GO:0009060,envelope
nuon,NADH:quinone oxidoreductase subunit N,NADH:quinone oxidoreductase I,IM,GO:0050136; GO:0055114; GO:0016021; GO:0016020; GO:0015990; GO:0042773; GO:0030964; GO:0005886; GO:0045272; GO:0048038; GO:0005887; GO:0008137; GO:0009060,envelope
nupc,nucleoside:H+ symporter NupC,nucleoside:H+ symporter NupC,IM,GO:0005337; GO:0015862; GO:0015861; GO:1901642; GO:0015213; GO:0015212; GO:0016021; GO:0016020; GO:0015858; GO:0015506; GO:0005887; GO:0005886,envelope
nupg,nucleoside:H+ symporter NupG,nucleoside:H+ symporter NupG,IM,GO:0015506; GO:1901642; GO:0072531; GO:0015861; GO:0032238; GO:0015864; GO:0015860; GO:0015214; GO:0015212; GO:0016021; GO:0016020; GO:0015858; GO:0005886; GO:0005337; GO:0015862; GO:0015213; GO:0005887,envelope
ompn,outer membrane porin N,outer membrane porin N,OM,GO:0034220; GO:0034219; GO:0046930; GO:0016021; GO:0016020; GO:0006811; GO:0009279; GO:0015288,envelope
ompw,outer membrane protein W,outer membrane protein W,OM,GO:0055085; GO:0019867; GO:0009279; GO:0016021; GO:0016020; GO:0005515,envelope
opgc,protein required for succinyl modification of osmoregulated periplasmic glucans,protein required for succinyl modification of osmoregulated periplasmic glucans,IM,GO:0009250; GO:0016747; GO:0016746; GO:0016740; GO:0016741; GO:0016748; GO:0009311; GO:0005886; GO:0016021; GO:0016020,envelope
oppb,murein tripeptide ABC transporter / oligopeptide ABC transporter inner membrane subunit OppB,oligopeptide ABC transporter,IM,GO:0055085; GO:0015834; GO:0015640; GO:0043190; GO:0035672; GO:0015833; GO:0015031; GO:0016020; GO:0005886; GO:0015421; GO:0016021,envelope
oppb,murein tripeptide ABC transporter / oligopeptide ABC transporter inner membrane subunit OppB,murein tripeptide ABC transporter,IM,GO:0055085; GO:0015834; GO:0015640; GO:0043190; GO:0035672; GO:0015833; GO:0015031; GO:0016020; GO:0005886; GO:0015421; GO:0016021,envelope
oppc,murein tripeptide ABC transporter / oligopeptide ABC transporter inner membrane subunit OppC,oligopeptide ABC transporter,IM,GO:0055085; GO:0015834; GO:0015640; GO:0035672; GO:0015421; GO:0015833; GO:0015031; GO:0016020; GO:0005886; GO:0043190; GO:0016021,envelope
oppc,murein tripeptide ABC transporter / oligopeptide ABC transporter inner membrane subunit OppC,murein tripeptide ABC transporter,IM,GO:0055085; GO:0015834; GO:0015640; GO:0035672; GO:0015421; GO:0015833; GO:0015031; GO:0016020; GO:0005886; GO:0043190; GO:0016021,envelope
osmb,osmotically-inducible lipoprotein OsmB,osmotically-inducible lipoprotein OsmB,LPO,GO:0030288; GO:0019867; GO:0005886; GO:0016020,envelope
osmf,glycine betaine ABC transporter periplasmic binding protein OsmF,"glycine betaine ABC transporter, non-osmoregulatory",PE,GO:0055085; GO:0043190; GO:0022857; GO:0005886; GO:0006865; GO:0071474; GO:0031460; GO:0030288; GO:0042597,envelope
panf,PANF-MONOMER,PANF-MONOMER,IM,GO:0036376; GO:0022857; GO:0055085; GO:0015887; GO:0015233; GO:0015081; GO:0005886; GO:0016021; GO:0016020; GO:0015293; GO:0006814; GO:0006811,envelope
pbpc,peptidoglycan glycosyltransferase PbpC,peptidoglycan glycosyltransferase PbpC,IM,GO:0046677; GO:0016787; GO:0008233; GO:0008152; GO:0006508; GO:0004180; GO:0003824; GO:0005887; GO:0030288; GO:0008144; GO:0005515; GO:0071555; GO:0016757; GO:0016740; GO:0008658; GO:0051781; GO:0005886; GO:0008955; GO:0016021; GO:0016020; GO:0008360; GO:0009252,envelope
pbpg,peptidoglycan DD-endopeptidase PbpG,peptidoglycan DD-endopeptidase PbpG,PE,GO:0016787; GO:0009002; GO:0006508; GO:0030288; GO:0004175; GO:0043093; GO:0000270; GO:0042597; GO:0008360; GO:0071555; GO:0042493; GO:0009252,envelope
pgad,poly-N-acetyl-D-glucosamine synthase subunit PgaD,poly-<i>N</i>-acetyl-D-glucosamine synthase,IM,GO:0043709; GO:0005515; GO:0043708; GO:0005887; GO:0005886; GO:0016021; GO:0016020,envelope
pgpa,phosphatidylglycerophosphatase A,phosphatidylglycerophosphatase A,IM,GO:0046872; GO:0046839; GO:0042577; GO:0032026; GO:0016787; GO:0006629; GO:0016021; GO:0016020; GO:0005886; GO:0016042; GO:0006655; GO:0046474; GO:0005887; GO:0009395; GO:0008962,envelope
pgpb,phosphatidylglycerophosphatase B,phosphatidylglycerophosphatase B,IM,GO:0016311; GO:0016787; GO:0016021; GO:0016020; GO:0006629; GO:0016042; GO:0009395; GO:0008195; GO:0006655; GO:0000810; GO:0009252; GO:0046474; GO:0005887; GO:0005886; GO:0008962; GO:0050380; GO:0009279,envelope
pgsa,CDP-diacylglycerol&mdash;glycerol-3-phosphate 3-phosphatidyltransferase,CDP-diacylglycerol&mdash;glycerol-3-phosphate 3-phosphatidyltransferase,IM,GO:0046474; GO:0016020; GO:0016780; GO:0016740; GO:0006629; GO:0006655; GO:0005886; GO:0016021; GO:0008444; GO:0008654,envelope
phep,PHEP-MONOMER,PHEP-MONOMER,IM,GO:0055085; GO:0022857; GO:0015823; GO:0005886; GO:0016021; GO:0016020; GO:0006865,envelope
phnd,phosphonate/phosphate ABC transporter periplasmic binding protein,cryptic phosphonate/phosphate ABC transporter,PE,GO:0043190; GO:0055085; GO:0015716; GO:0042597,envelope
phoa,alkaline phosphatase,alkaline phosphatase,PE,GO:0006470; GO:0004721; GO:0055114; GO:0046872; GO:0016791; GO:0016787; GO:0003824; GO:0030288; GO:0030613; GO:0033748; GO:0016311; GO:0042597; GO:0008270; GO:0005515; GO:0000287; GO:0004035,envelope
phoe,outer membrane porin PhoE,outer membrane porin PhoE,OM,GO:0034220; GO:0015288; GO:0046930; GO:0016021; GO:0016020; GO:0006811; GO:0009279,envelope
phoq,sensor histidine kinase PhoQ,bifunctional sensor histidine kinase PhoQ,IM,GO:0005515; GO:0007234; GO:0042802; GO:0000160; GO:0005887; GO:0006470; GO:0023014; GO:0016787; GO:0004721; GO:0016772; GO:0016740; GO:0016310; GO:0016301; GO:0007165; GO:0004673; GO:0018106; GO:0046777; GO:0010350; GO:0005886; GO:0046872; GO:0016021; GO:0016020; GO:0005524; GO:0000166; GO:0000155,envelope
phoq,sensor histidine kinase PhoQ,PhoQ-<i>N</i>-phospho-L-histidine,IM,GO:0005515; GO:0007234; GO:0042802; GO:0000160; GO:0005887; GO:0006470; GO:0023014; GO:0016787; GO:0004721; GO:0016772; GO:0016740; GO:0016310; GO:0016301; GO:0007165; GO:0004673; GO:0018106; GO:0046777; GO:0010350; GO:0005886; GO:0046872; GO:0016021; GO:0016020; GO:0005524; GO:0000166; GO:0000155,envelope
phor,sensor histidine kinase PhoR,sensor histidine kinase PhoR,IM,GO:0005887; GO:0005829; GO:0000160; GO:0005515; GO:0006470; GO:0023014; GO:0018106; GO:0016772; GO:0016740; GO:0016310; GO:0016301; GO:0016020; GO:0007165; GO:0004673; GO:0006355; GO:0006817; GO:0046777; GO:0016036; GO:0004721; GO:0000166; GO:0005886; GO:0016021; GO:0005524; GO:0000155,envelope
phor,sensor histidine kinase PhoR,PhoR-<i>N</i>-phospho-L-histidine,IM,GO:0005887; GO:0005829; GO:0000160; GO:0005515; GO:0006470; GO:0023014; GO:0018106; GO:0016772; GO:0016740; GO:0016310; GO:0016301; GO:0016020; GO:0007165; GO:0004673; GO:0006355; GO:0006817; GO:0046777; GO:0016036; GO:0004721; GO:0000166; GO:0005886; GO:0016021; GO:0005524; GO:0000155,envelope
pitb,metal phosphate:H+ symporter PitB,metal phosphate:H+ symporter PitB,IM,GO:0006817; GO:0005887; GO:0035435; GO:0005315; GO:0005886; GO:0016021; GO:0016020,envelope
plsc,1-acylglycerol-3-phosphate O-acyltransferase,1-acylglycerol-3-phosphate O-acyltransferase,IM,GO:0006654; GO:0005887; GO:0006629; GO:0016024; GO:0005886; GO:0016740; GO:0016020; GO:0016746; GO:0003841; GO:0008654,envelope
pnuc,PNUC-MONOMER,PNUC-MONOMER,IM,GO:0034257; GO:0034258; GO:0005887; GO:0005886; GO:0016021; GO:0016020,envelope
potb,spermidine preferential ABC transporter membrane subunit PotB,spermidine preferential ABC transporter,IM,GO:0055085; GO:0015595; GO:0043190; GO:0005887; GO:1903711; GO:0015847; GO:0016020; GO:0005886; GO:0016021,envelope
potc,spermidine preferential ABC transporter membrane subunit PotC,spermidine preferential ABC transporter,IM,GO:0055085; GO:0043190; GO:0015595; GO:0005887; GO:0015847; GO:1903711; GO:0016020; GO:0005886; GO:0016021,envelope
pote,putrescine transporter PotE,putrescine transporter PotE,IM,GO:0055085; GO:0022857; GO:0015489; GO:0005887; GO:0015822; GO:1903352; GO:0006865; GO:0015847; GO:0015496; GO:0015293; GO:0005886; GO:0016021; GO:0016020; GO:0015297,envelope
poth,putrescine ABC transporter membrane subunit PotH,putrescine ABC transporter,IM,GO:0055085; GO:0005887; GO:0015847; GO:0043190; GO:0005886; GO:0016021; GO:0016020,envelope
poti,putrescine ABC transporter membrane subunit PotI,putrescine ABC transporter,IM,GO:0055085; GO:0015847; GO:0043190; GO:0005886; GO:0016021; GO:0016020,envelope
pppa,prepilin peptidase,prepilin peptidase,IM,GO:0006465; GO:0006508; GO:0004175; GO:0004190; GO:0005886; GO:0016021; GO:0016020,envelope
pqia,intermembrane transport protein PqiA,intermembrane transport protein PqiA,IM,GO:0120009; GO:0061024; GO:0005887; GO:0006950; GO:0005886; GO:0016021; GO:0016020,envelope
proy,putative transporter ProY,putative transporter ProY,IM,GO:0055085; GO:0022857; GO:0015171; GO:0003333; GO:0005886; GO:0016021; GO:0016020; GO:0006865,envelope
psie,putative phosphate starvation-inducible protein PsiE,putative phosphate starvation-inducible protein PsiE,IM,GO:0016036; GO:0005886; GO:0016021; GO:0016020,envelope
pspd,phage shock protein D,phage shock protein D,IM,GO:0009271; GO:0016020; GO:0005737; GO:0005886,envelope
psta,phosphate ABC transporter membrane subunit PstA,phosphate ABC transporter,IM,GO:0055085; GO:0043190; GO:0010921; GO:0016021; GO:0016020; GO:0005886; GO:0035435; GO:0005315; GO:0006974; GO:0005887; GO:0006817; GO:0015415,envelope
pstc,phosphate ABC transporter membrane subunit PstC,phosphate ABC transporter,IM,GO:0055085; GO:0043190; GO:0010921; GO:0009314; GO:0005887; GO:0035435; GO:0005315; GO:0005886; GO:0016021; GO:0016020; GO:0006817; GO:0015415,envelope
putp,proline:Na+ symporter,proline:Na+ symporter,IM,GO:1903825; GO:0003333; GO:0022857; GO:0016021; GO:0016020; GO:0015293; GO:0006865; GO:0005886; GO:0055085; GO:0031402; GO:0015912; GO:0005887; GO:0006814; GO:0006811; GO:0005298; GO:0015824,envelope
puup,B1296-MONOMER,B1296-MONOMER,IM,GO:0055085; GO:0022857; GO:1902600; GO:0016020; GO:0006974; GO:0006865; GO:0015847; GO:0009447; GO:0005886; GO:0016021; GO:0015295; GO:0015489,envelope
qsec,"sensory histidine kinase QseC - phosphorylated // ""sensory histidine kinase QseC""","sensory histidine kinase QseC - phosphorylated // ""sensory histidine kinase QseC""",IM,GO:0005886; GO:0000160; GO:0007165; GO:0023014; GO:0018106; GO:0016772; GO:0016740; GO:0016301; GO:0004673; GO:0000166; GO:0016310; GO:0016021; GO:0016020; GO:0005524; GO:0000155,envelope
rard,putative transporter RarD,putative transporter RarD,IM,GO:0016020; GO:0005887; GO:0005886; GO:0016021,envelope
rbba,ribosome-associated ATPase,ribosome-associated ATPase,IM,GO:0055085; GO:0043190; GO:0016787; GO:0022627; GO:0060187; GO:0043024; GO:0005515; GO:0016887; GO:0045727; GO:0042623; GO:0005886; GO:0016021; GO:0016020; GO:0005524; GO:0000166,envelope
rcna,Ni2+/Co2+ exporter,Ni2+/Co2+ exporter,IM,GO:0010045; GO:0032025; GO:0046583; GO:0035784; GO:0005887; GO:0035444; GO:0015099; GO:0005886; GO:0016021; GO:0016020; GO:0015675; GO:0006824; GO:0006811,envelope
rcsc,"RcsC-phospho-L-aspartate // ""RcsC-N-phospho-L-histidine"" // ""histidine kinase RcsC""","RcsC-phospho-L-aspartate // ""RcsC-N-phospho-L-histidine"" // ""histidine kinase RcsC""",IM,GO:0005886; GO:0005887; GO:0023014; GO:0018106; GO:0016772; GO:0016740; GO:0016310; GO:0016301; GO:0016020; GO:0007165; GO:0006355; GO:0005524; GO:0004673; GO:0000166; GO:0046777; GO:0044010; GO:0071470; GO:0016021; GO:0000160; GO:0000155,envelope
rfbx,polyisoprenol-linked O-antigen repeat unit flippase,Enterobacterial Common Antigen Biosynthesis Protein Complex,IM,GO:0005887; GO:0009243; GO:0046677; GO:0006974; GO:0005886; GO:0016021; GO:0016020; GO:0009103,envelope
rhta,L-threonine/L-homoserine exporter,L-threonine/L-homoserine exporter,IM,GO:0055085; GO:0005887; GO:0042968; GO:0042970; GO:0015291; GO:0015826; GO:0006865; GO:0015565; GO:0005886; GO:0016021; GO:0016020,envelope
rhtb,L-homoserine/L-homoserine lactone/L-threonine exporter,L-homoserine/L-homoserine lactone/L-threonine exporter,IM,GO:0005887; GO:0015291; GO:0015565; GO:0015826; GO:0006865; GO:0042968; GO:0042970; GO:0005886; GO:0016021; GO:0016020,envelope
rhtc,L-threonine exporter,L-threonine exporter,IM,GO:0015291; GO:0005887; GO:0015826; GO:0015565; GO:0042970; GO:0042968; GO:0006865; GO:0005886; GO:0016021; GO:0016020,envelope
rna,RNase I,RNase I,PE,GO:0016829; GO:0004519; GO:0004521; GO:0090305; GO:0090502; GO:0016787; GO:0004518; GO:0033897; GO:0003723; GO:0030288; GO:0006401; GO:0042597; GO:0008847; GO:0005737,envelope
rsec,protein RseC,protein RseC,IM,GO:0006979; GO:0005886; GO:0016021; GO:0016020,envelope
rsxa,SoxR [2Fe-2S] reducing system protein RsxA,SoxR [2Fe-2S] reducing system protein RsxA,IM,GO:0055114; GO:0022900; GO:0005886; GO:0016021; GO:0016020,envelope
rsxd,SoxR [2Fe-2S] reducing system protein RsxD,SoxR [2Fe-2S] reducing system protein RsxD,IM,GO:0055085; GO:0055114; GO:0022900; GO:0005886; GO:0016021; GO:0016020,envelope
rsxe,SoxR [2Fe-2S] reducing system protein RsxE,SoxR [2Fe-2S] reducing system protein RsxE,IM,GO:0055114; GO:0022900; GO:0005886; GO:0016021; GO:0016020,envelope
rutg,pyrimidine:H+ symporter,pyrimidine:H+ symporter,IM,GO:0015218; GO:0005350; GO:0015505; GO:1904082; GO:0098721; GO:0022857; GO:0005887; GO:0015210; GO:0055085; GO:0006864; GO:0015293; GO:0006212; GO:0005886; GO:0016021; GO:0016020,envelope
sana,DUF218 domain-containing protein SanA,DUF218 domain-containing protein SanA,IM,GO:0090549; GO:0030288; GO:0005887; GO:0016020; GO:0005886; GO:0016021; GO:0042493,envelope
sapa,putative periplasmic binding protein SapA,putative periplasmic binding protein SapA,PE,GO:1904680; GO:0042886; GO:0043190; GO:0055085; GO:0030288; GO:0042597,envelope
sapb,putrescine ABC exporter membrane subunit SapB,putrescine ABC exporter,IM,GO:0071916; GO:0035442; GO:0055085; GO:0043190; GO:0015847; GO:0015489; GO:0005887; GO:0005886; GO:0016021; GO:0016020,envelope
sapc,putrescine ABC exporter membrane protein SapC,putrescine ABC exporter,IM,GO:0055085; GO:0015847; GO:0015489; GO:0043190; GO:0005887; GO:0005886; GO:0016021; GO:0016020,envelope
sbma,peptide antibiotic/peptide nucleic acid transporter,peptide antibiotic transporter,IM,GO:0055085; GO:0005524; GO:0015291; GO:1901998; GO:0019534; GO:1904680; GO:0042803; GO:0042884; GO:0046677; GO:0005887; GO:0015833; GO:0015031; GO:0042885; GO:0015638; GO:0005886; GO:0016021; GO:0016020,envelope
sdac,SDAC-MONOMER,SDAC-MONOMER,IM,GO:0015171; GO:0006865; GO:0003333; GO:0016021; GO:0016020; GO:0005886; GO:0005887,envelope
sdhc,"succinate:quinone oxidoreductase, membrane protein SdhC",succinate:quinone oxidoreductase,IM,GO:0022900; GO:0055114; GO:0016627; GO:0000104; GO:0046872; GO:0045281; GO:0048039; GO:0016020; GO:0005886; GO:0020037; GO:0016021; GO:0008177; GO:0006099; GO:0009060; GO:0017004; GO:0009055,envelope
sdhc,"succinate:quinone oxidoreductase, membrane protein SdhC",succinate:quinone oxidoreductase subcomplex,IM,GO:0022900; GO:0055114; GO:0016627; GO:0000104; GO:0046872; GO:0045281; GO:0048039; GO:0016020; GO:0005886; GO:0020037; GO:0016021; GO:0008177; GO:0006099; GO:0009060; GO:0017004; GO:0009055,envelope
sdhd,"succinate:quinone oxidoreductase, membrane protein SdhD",succinate:quinone oxidoreductase,IM,GO:0022900; GO:0055114; GO:0046872; GO:0016627; GO:0000104; GO:0016020; GO:0005886; GO:0020037; GO:0016021; GO:0006099; GO:0009060; GO:0017004; GO:0009055,envelope
sdhd,"succinate:quinone oxidoreductase, membrane protein SdhD",succinate:quinone oxidoreductase subcomplex,IM,GO:0022900; GO:0055114; GO:0046872; GO:0016627; GO:0000104; GO:0016020; GO:0005886; GO:0020037; GO:0016021; GO:0006099; GO:0009060; GO:0017004; GO:0009055,envelope
secm,SecA translation regulator,SecA translation regulator,PE,GO:0030288; GO:0006417; GO:0005829; GO:0045182; GO:0042597; GO:0005737,envelope
seta,B0070-MONOMER,B0070-MONOMER,IM,GO:1904659; GO:1902600; GO:0005351; GO:0005887; GO:0034219; GO:0036448; GO:0008643; GO:0055085; GO:0016020; GO:0015767; GO:0005886; GO:0016021,envelope
shia,SHIA-MONOMER,SHIA-MONOMER,IM,GO:0022857; GO:0055085; GO:0015733; GO:0015530; GO:0005886; GO:0016021; GO:0016020; GO:0015293,envelope
sieb,Rac prophage; phage superinfection exclusion protein,Rac prophage; phage superinfection exclusion protein,IM,GO:0005886; GO:0016021; GO:0016020,envelope
sstt,YGJU-MONOMER,YGJU-MONOMER,IM,GO:0022857; GO:0015171; GO:0003333; GO:0055085; GO:0016020; GO:0015293; GO:0015175; GO:0006865; GO:0015826; GO:0032329; GO:0005295; GO:0005886; GO:0016021,envelope
ssua,aliphatic sulfonate ABC transporter periplasmic binding protein,aliphatic sulfonate ABC transporter,PE,GO:0055085; GO:0042626; GO:0016020; GO:0030288; GO:0006790; GO:0042918; GO:0042959; GO:0042597,envelope
ssub,aliphatic sulfonate ABC transporter ATP binding subunit,aliphatic sulfonate ABC transporter,IM,GO:0055085; GO:0022857; GO:0098656; GO:0008509; GO:0006820; GO:0055052; GO:0006790; GO:0043190; GO:0042959; GO:0016887; GO:0005829; GO:0042918; GO:0005886; GO:0016787; GO:0016020; GO:0005524; GO:0000166,envelope
suge,guanidinium exporter,guanidinium exporter,IM,GO:1902600; GO:0046618; GO:0022857; GO:0006811; GO:0015299; GO:1990961; GO:0055085; GO:0005887; GO:0005886; GO:0016021; GO:0016020,envelope
tatc,twin arginine protein translocation system - TatC protein,twin arginine protein translocation system,IM,GO:0008320; GO:0009314; GO:0042802; GO:0005515; GO:0015031; GO:0005886; GO:0043953; GO:0005887; GO:0016021; GO:0009977; GO:0033281; GO:0065002; GO:0016020,envelope
taua,taurine ABC transporter periplasmic binding protein,taurine ABC transporter,PE,GO:0055085; GO:0043190; GO:0022857; GO:0030288; GO:0009970; GO:0015734; GO:0042597,envelope
tdcc,threonine/serine:H+ symporter,threonine/serine:H+ symporter,IM,GO:1902600; GO:0015171; GO:0032329; GO:0022889; GO:0016020; GO:0015293; GO:0006865; GO:0003333; GO:0015565; GO:0005886; GO:0015825; GO:0015826; GO:0015194; GO:0015195; GO:0015295; GO:0005887; GO:0016021,envelope
teha,tellurite resistance protein,tellurite resistance protein,IM,GO:0042802; GO:0098655; GO:0006812; GO:0046583; GO:0005887; GO:0055085; GO:0006811; GO:0005886; GO:0046690; GO:0046677; GO:0016021; GO:0016020,envelope
thip,thiamin ABC transporter membrane subunit,thiamin(e) ABC transporter,IM,GO:0022857; GO:0055085; GO:0005887; GO:0043190; GO:0015234; GO:0071934; GO:0015888; GO:0005886; GO:0016021; GO:0016020,envelope
tnab,TNAB-MONOMER,TNAB-MONOMER,IM,GO:0006865; GO:0015801; GO:0015173; GO:0005887; GO:0015293; GO:0003333; GO:0005886; GO:0016021; GO:0016020; GO:0006569,envelope
tors,sensory histidine kinase TorS,sensory histidine kinase TorS - his443 phosphorylated,IM,GO:0030288; GO:0042802; GO:0006470; GO:0023014; GO:0018106; GO:0016740; GO:0016310; GO:0016301; GO:0007165; GO:0004673; GO:0005515; GO:0046777; GO:0071310; GO:0009061; GO:0042803; GO:0004721; GO:0005887; GO:0000166; GO:0005886; GO:0016772; GO:0016021; GO:0016020; GO:0005524; GO:0000160; GO:0000155,envelope
tors,sensory histidine kinase TorS,sensory histidine kinase TorS - asp723 phosphorylated,IM,GO:0030288; GO:0042802; GO:0006470; GO:0023014; GO:0018106; GO:0016740; GO:0016310; GO:0016301; GO:0007165; GO:0004673; GO:0005515; GO:0046777; GO:0071310; GO:0009061; GO:0042803; GO:0004721; GO:0005887; GO:0000166; GO:0005886; GO:0016772; GO:0016021; GO:0016020; GO:0005524; GO:0000160; GO:0000155,envelope
tors,sensory histidine kinase TorS,sensory histidine kinase TorS - his850 phosphorylated,IM,GO:0030288; GO:0042802; GO:0006470; GO:0023014; GO:0018106; GO:0016740; GO:0016310; GO:0016301; GO:0007165; GO:0004673; GO:0005515; GO:0046777; GO:0071310; GO:0009061; GO:0042803; GO:0004721; GO:0005887; GO:0000166; GO:0005886; GO:0016772; GO:0016021; GO:0016020; GO:0005524; GO:0000160; GO:0000155,envelope
tors,sensory histidine kinase TorS,sensory histidine kinase TorS,IM,GO:0030288; GO:0042802; GO:0006470; GO:0023014; GO:0018106; GO:0016740; GO:0016310; GO:0016301; GO:0007165; GO:0004673; GO:0005515; GO:0046777; GO:0071310; GO:0009061; GO:0042803; GO:0004721; GO:0005887; GO:0000166; GO:0005886; GO:0016772; GO:0016021; GO:0016020; GO:0005524; GO:0000160; GO:0000155,envelope
tqsa,G6859-MONOMER,G6859-MONOMER,IM,GO:0005887; GO:1905887; GO:0015562; GO:0009372; GO:0005886; GO:0016021; GO:0016020,envelope
treb,trehalose-specific PTS enzyme IIBC component,trehalose-specific PTS enzyme II,IM,GO:0034219; GO:0090589; GO:0005887; GO:0008982; GO:0015771; GO:0015574; GO:0016310; GO:0016301; GO:0005886; GO:0016740; GO:0016021; GO:0016020; GO:0008643; GO:0009401,envelope
trkg,Rac prophage; K+ transporter TrkG,Rac prophage; K+ transporter TrkG,IM,GO:0015379; GO:0006813; GO:0046872; GO:0005887; GO:0015079; GO:0055085; GO:0008324; GO:0006812; GO:0071805; GO:0030955; GO:0005267; GO:0005886; GO:0016021; GO:0016020; GO:0006811,envelope
trkh,TRKH-MONOMER,TRKH-MONOMER,IM,GO:0015379; GO:0006813; GO:0046872; GO:0015079; GO:0016021; GO:0016020; GO:0055085; GO:0008324; GO:0006812; GO:0071805; GO:0030955; GO:0005887; GO:0005267; GO:0005886; GO:0006811,envelope
tsga,putative transporter TsgA,putative transporter TsgA,IM,GO:0055085; GO:0072714; GO:0005887; GO:0005886; GO:0016021; GO:0016020,envelope
tyna,copper-containing amine oxidase,copper-containing amine oxidase,PE,GO:0046872; GO:0016491; GO:0009308; GO:0006559; GO:0030288; GO:0042803; GO:0052596; GO:0052595; GO:0052594; GO:0052593; GO:0019607; GO:0055114; GO:0048038; GO:0042597; GO:0005509; GO:0005507; GO:0008131,envelope
tyrp,TYRP-MONOMER,TYRP-MONOMER,IM,GO:0016021; GO:0016020; GO:0005886; GO:0003333; GO:0015801; GO:0015173; GO:0005887; GO:0006865,envelope
ubia,4OHBENZOATE-OCTAPRENYLTRANSFER-MONOMER,4OHBENZOATE-OCTAPRENYLTRANSFER-MONOMER,IM,GO:0047293; GO:0004659; GO:0002083; GO:0016740; GO:0005886; GO:0016021; GO:0016020; GO:0008412; GO:0016765; GO:0006744,envelope
ugpa,sn-glycerol 3-phosphate ABC transporter membrane subunit UgpA,<i>sn</i>-glycerol 3-phosphate / glycerophosphodiester ABC transporter,IM,GO:0055085; GO:0001407; GO:0001406; GO:0055052; GO:0015169; GO:0005887; GO:0015794; GO:0005886; GO:0016021; GO:0016020,envelope
ugpe,sn-glycerol 3-phosphate ABC transporter membrane subunit UgpE,<i>sn</i>-glycerol 3-phosphate / glycerophosphodiester ABC transporter,IM,GO:0055085; GO:0001407; GO:0055052; GO:0015169; GO:0005887; GO:0015794; GO:0005886; GO:0016021; GO:0016020,envelope
uhpb,"sensory histidine kinase UhpB - phosphorylated // ""sensory histidine kinase UhpB""","sensory histidine kinase UhpB - phosphorylated // ""sensory histidine kinase UhpB""",IM,GO:0000160; GO:0016787; GO:0006470; GO:0023014; GO:0018106; GO:0016740; GO:0016310; GO:0016301; GO:0016021; GO:0016020; GO:0005886; GO:0004673; GO:0046983; GO:0004721; GO:0046777; GO:0005887; GO:0000166; GO:0005524; GO:0000155,envelope
uhpc,"UhpC-glucose-6-P // ""inner membrane protein sensing glucose-6-phosphate""","UhpC-glucose-6-P // ""inner membrane protein sensing glucose-6-phosphate""",IM,GO:0022857; GO:0031226; GO:0005886; GO:0055085; GO:0016020; GO:0005887; GO:0000160; GO:0016021,envelope
uhpt,hexose-6-phosphate:phosphate antiporter,hexose-6-phosphate:phosphate antiporter,IM,GO:0022857; GO:0006817; GO:0055085; GO:0008643; GO:0005887; GO:0015712; GO:0015760; GO:0015526; GO:0005886; GO:0016021; GO:0016020,envelope
uidc,outer membrane porin family protein UidC,outer membrane porin family protein UidC,OM,GO:0055085; GO:0016020; GO:0046930; GO:0006811; GO:0008643; GO:0009279; GO:0016021; GO:0015288,envelope
uraa,uracil:H+ symporter UraA,uracil:H<sup>+</sup> symporter UraA,IM,GO:0098721; GO:0022857; GO:0042803; GO:0016021; GO:0055085; GO:0015857; GO:0015210; GO:0005887; GO:0015505; GO:0005886; GO:0016020,envelope
uspb,putative universal stress (ethanol tolerance) protein B,putative universal stress (ethanol tolerance) protein B,IM,GO:0045471; GO:0005886; GO:0016021; GO:0016020,envelope
waau,putative ADP-heptose:LPS heptosyltransferase 4,putative ADP-heptose:LPS heptosyltransferase 4,IM,GO:0008713; GO:0005829; GO:0009244; GO:0016757; GO:0016740; GO:0016020; GO:0009103; GO:0008917,envelope
wcam,putative colanic acid biosynthesis protein WcaM,putative colanic acid biosynthesis protein WcaM,PE,GO:0005829; GO:0045228; GO:0009103,envelope
wech,O-acetyltransferase WecH,O-acetyltransferase WecH,IM,GO:0016407; GO:0005887; GO:0016746; GO:0016740; GO:0009246; GO:0016747; GO:0016413; GO:0005886; GO:0016021; GO:0016020,envelope
wzc,protein-tyrosine kinase Wzc,polysaccharide export complex,IM,GO:0005515; GO:0042802; GO:0045226; GO:0016740; GO:0016301; GO:0000271; GO:0016887; GO:0005887; GO:0038083; GO:0009103; GO:0016310; GO:0005524; GO:0000166; GO:0005886; GO:0016021; GO:0016020; GO:0004713; GO:0009242,envelope
wzxe,lipid III flippase,lipid III flippase,IM,GO:0005887; GO:0009246; GO:0005886; GO:0016021; GO:0016020,envelope
wzye,putative enterobacterial common antigen polymerase,putative enterobacterial common antigen polymerase,IM,GO:0005887; GO:0005886; GO:0016021; GO:0016020; GO:0009246,envelope
xanq,YGFO-MONOMER,YGFO-MONOMER,IM,GO:0022857; GO:0016021; GO:0016020; GO:0005886; GO:0055085; GO:0005887; GO:0042906; GO:0042907,envelope
xyle,D-xylose:H+ symporter,D-xylose:H+ symporter,IM,GO:1902600; GO:0005351; GO:0022857; GO:0055085; GO:0015753; GO:0005887; GO:0015519; GO:0005886; GO:0016021; GO:0016020; GO:0015293; GO:0008643,envelope
xylh,xylose ABC transporter membrane subunit,xylose ABC transporter,IM,GO:0055085; GO:0022857; GO:0042732; GO:0043190; GO:0005887; GO:0008643; GO:0005886; GO:0016021; GO:0016020; GO:0015752,envelope
yaaj,putative transporter YaaJ,putative transporter YaaJ,IM,GO:0055085; GO:0006814; GO:0032328; GO:0015655; GO:0005886; GO:0016021; GO:0016020; GO:0015293; GO:0005283,envelope
yabi,DedA family protein YabI,DedA family protein YabI,IM,GO:0010212; GO:0005886; GO:0043093; GO:0016021; GO:0016020,envelope
yadh,putative ABC transporter membrane subunit YadH,"putative transport complex, ABC superfamily",IM,GO:0055085; GO:0043190; GO:0005886; GO:0016021; GO:0016020; GO:0006810,envelope
yads,PF03458 family protein YadS,PF03458 family protein YadS,IM,GO:0005886; GO:0016021; GO:0016020,envelope
yaft,lipoprotein YafT,lipoprotein YafT,LPO,GO:0030288; GO:0005886; GO:0016020,envelope
yafy,CP4-6 prophage; inner membrane lipoprotein YafY,CP4-6 prophage; inner membrane lipoprotein YafY,LPI,GO:0005886; GO:0016020,envelope
yagg,putative D-xylonate transporter YagG,putative D-xylonate transporter YagG,IM,GO:0071702; GO:0022857; GO:0008643; GO:0005887; GO:0055085; GO:0006814; GO:0005886; GO:0016021; GO:0016020; GO:0015293,envelope
yahj,putative deaminase with metallo-dependent hydrolase domain,putative deaminase with metallo-dependent hydrolase domain,PE,GO:0005829; GO:0016810,envelope
yahn,putative amino acid exporter,putative amino acid exporter,IM,GO:0042970; GO:0042968; GO:0006865; GO:0005886; GO:0016021; GO:0016020,envelope
yaip,putative glucosyltransferase,putative glucosyltransferase,IM,GO:0016874; GO:0016757; GO:0016740; GO:0005886; GO:0006974,envelope
yaiy,inner membrane protein,inner membrane protein,IM,GO:0005886; GO:0016021; GO:0016020,envelope
yaiz,DUF2754 domain-containing protein YaiZ,DUF2754 domain-containing protein YaiZ,IM,GO:0005886; GO:0016021; GO:0016020,envelope
yaji,putative lipoprotein YajI,putative lipoprotein YajI,LPO,GO:0030288; GO:0005886; GO:0016020,envelope
yajr,putative transport protein YajR,putative transport protein YajR,IM,GO:0005887; GO:0055085; GO:0005886; GO:0016021; GO:0016020,envelope
ybal,putative transporter YbaL,putative transporter YbaL,IM,GO:0000166; GO:0055085; GO:1902600; GO:0098655; GO:0015299; GO:0008324; GO:0006813; GO:0006812; GO:0005886; GO:0016021; GO:0016020; GO:0015297; GO:0006811,envelope
yban,DUF454 domain-containing inner membrane protein YbaN,DUF454 domain-containing inner membrane protein YbaN,IM,GO:0005886; GO:0016021; GO:0016020,envelope
ybat,putative transporter YbaT,putative transporter YbaT,IM,GO:0055085; GO:0022857; GO:1990169; GO:0009268; GO:0005886; GO:0016021; GO:0016020; GO:0006865,envelope
ybav,helix-hairpin-helix 3 family protein,helix-hairpin-helix 3 family protein,PE,GO:0005886; GO:0006281; GO:0030288; GO:0003677,envelope
ybbc,PF15631 family protein YbbC,PF15631 family protein YbbC,LPO,no ontology,envelope
ybbj,NfeD-like family protein YbbJ,NfeD-like family protein YbbJ,IM,GO:0005886; GO:0016021; GO:0016020,envelope
ybbp,putative ABC transporter membrane subunit YbbP,"putative transport complex, ABC superfamily",IM,GO:0043190; GO:0005886; GO:0016021; GO:0016020; GO:0006810,envelope
ybby,putative purine transporter,putative purine transporter,IM,GO:0022857; GO:0042907; GO:0042906; GO:0005887; GO:0055085; GO:0005886; GO:0016021; GO:0016020,envelope
ybch,DUF4434 domain-containing protein YbcH,DUF4434 domain-containing protein YbcH,PE,GO:0030288,envelope
ybcl,DLP12 prophage; periplasmic protein YbcL,DLP12 prophage; periplasmic protein YbcL,PE,GO:0043086; GO:0030288; GO:0042597; GO:0004857,envelope
ybdj,DUF1158 domain-containing protein YbdJ,DUF1158 domain-containing protein YbdJ,IM,GO:0005886; GO:0016021; GO:0016020,envelope
ybfc,uncharacterized protein YbfC,uncharacterized protein YbfC,PE,GO:0005829,envelope
ybge,PF09600 family protein YbgE,PF09600 family protein YbgE,IM,GO:0005886,envelope
ybhm,Bax1-I family protein YbhM,Bax1-I family protein YbhM,IM,GO:0005886; GO:0016021; GO:0016020,envelope
ybhn,PF03706 family inner membrane protein YbhN,PF03706 family inner membrane protein YbhN,IM,GO:0005886; GO:0016021; GO:0016020,envelope
ybhq,putative inner membrane protein,putative inner membrane protein,IM,GO:0005886; GO:0016021; GO:0016020,envelope
ybhr,putative ABC exporter membrane subunit YbhR,putative ABC exporter YbhFSR,IM,GO:1990961; GO:0055085; GO:0043190; GO:0015562; GO:0005887; GO:0006974; GO:0005886; GO:0016021; GO:0016020,envelope
ybhs,putative ABC exporter membrane subunit YbhS,putative ABC exporter YbhFSR,IM,GO:1990961; GO:0055085; GO:0043190; GO:0015562; GO:0005887; GO:0005886; GO:0016021; GO:0016020,envelope
ybio,moderate conductance mechanosensitive channel YbiO,moderate conductance mechanosensitive channel YbiO,IM,GO:0034220; GO:0006811; GO:0055085; GO:0071470; GO:0008381; GO:0005887; GO:0005886; GO:0016021; GO:0016020,envelope
ybir,putative transporter YbiR,putative transporter YbiR,IM,GO:0055085; GO:0005886; GO:0016021; GO:0016020,envelope
ybjc,DUF1418 domain-containing protein YbjC,DUF1418 domain-containing protein YbjC,IM,GO:1901562; GO:0016020; GO:1901422,envelope
ybjg,undecaprenyl pyrophosphate phosphatase,undecaprenyl pyrophosphate phosphatase,IM,GO:0071555; GO:0016787; GO:0005886; GO:0046677; GO:0016021; GO:0016020; GO:0008360; GO:0050380; GO:0009252,envelope
ybjj,inner membrane protein YbjJ,inner membrane protein YbjJ,IM,GO:0055085; GO:0005886; GO:0016021; GO:0016020,envelope
ybjl,putative transport protein YbjL,putative transport protein YbjL,IM,GO:0055085; GO:0022857; GO:0008324; GO:0098655; GO:0006813; GO:0005886; GO:0016021; GO:0016020,envelope
ybjm,putative inner membrane protein,putative inner membrane protein,IM,GO:0005886; GO:0016021; GO:0016020,envelope
ybjo,putative inner membrane protein,putative inner membrane protein,IM,GO:0005886; GO:0016021; GO:0016020,envelope
ycad,putative transporter YcaD,putative transporter YcaD,IM,GO:0022857; GO:0055085; GO:0005886; GO:0016021; GO:0016020,envelope
ycai,metallo-&beta;-lactamase superfamily inner membrane protein YcaI,metallo-&beta;-lactamase superfamily inner membrane protein YcaI,IM,GO:0030420; GO:0005886; GO:0016021; GO:0016020,envelope
ycam,putative transporter YcaM,putative transporter YcaM,IM,GO:0055085; GO:0022857; GO:0005886; GO:0016021; GO:0016020,envelope
ycap,DUF421 domain-containing protein YcaP,DUF421 domain-containing protein YcaP,IM,GO:0005886; GO:0016021; GO:0016020,envelope
ycbk,peptidoglycan LD-endopeptidase,peptidoglycan LD-endopeptidase,PE,GO:0009254; GO:0004175; GO:0004222; GO:0030288,envelope
ycca,modulator of FtsH protease,modulator of FtsH protease,IM,GO:0016020; GO:0043066; GO:0030162; GO:0005886; GO:0016021,envelope
yccs,putative transporter YccS,putative transporter YccS,IM,GO:0055085; GO:0022857; GO:0005887; GO:0005886; GO:0016021; GO:0016020,envelope
ycct,DUF2057 domain-containing protein YccT,DUF2057 domain-containing protein YccT,PE,GO:0005829,envelope
ycdz,inner membrane protein YcdZ,inner membrane protein YcdZ,IM,GO:0005886; GO:0016021; GO:0016020,envelope
ycej,putative cytochrome b561 YceJ,putative cytochrome b561 YceJ,IM,GO:0020037; GO:0009055; GO:0055114; GO:0022904; GO:0005886; GO:0046872; GO:0016021; GO:0016020,envelope
ycek,DUF1375 domain-containing lipoprotein YceK,DUF1375 domain-containing lipoprotein YceK,OM,GO:0031246; GO:0006974,envelope
ycfl,DUF1425 domain-containing protein YcfL,DUF1425 domain-containing protein YcfL,LPO,GO:0006974,envelope
ycgj,PF05666 family protein YcgJ,PF05666 family protein YcgJ,PE,no ontology,envelope
ycgv,putative autotransporter adhesin YcgV,putative autotransporter adhesin YcgV,OM,GO:0015475; GO:0019867; GO:0043708,envelope
yche,putative inner membrane protein,putative inner membrane protein,IM,GO:0005887; GO:0005886; GO:0016021; GO:0016020,envelope
ychh,stress-induced protein,stress-induced protein,IM,GO:0044011; GO:0070301; GO:0071276,envelope
ycho,putative invasin YchO,putative invasin YchO,PE,GO:0030260; GO:0009405; GO:0009279; GO:0042597,envelope
ychq,SirB family protein YchQ,SirB family protein YchQ,IM,GO:0005886; GO:0016021; GO:0016020,envelope
ycib,inner membrane protein,inner membrane protein,IM,GO:0090529; GO:0000917; GO:0005887; GO:0005886; GO:0051301; GO:0016021; GO:0016020; GO:0007049,envelope
ycic,putative inner membrane protein,putative inner membrane protein,IM,GO:0005886; GO:0016021; GO:0016020,envelope
yciq,DUF2207 domain-containing protein YciQ,DUF2207 domain-containing protein YciQ,IM,GO:0005886,envelope
ydbd,DUF2773 domain-containing protein YdbD,DUF2773 domain-containing protein YdbD,IM,GO:0005886; GO:0051595,envelope
ydbh,PF11739 family protein YdbH,PF11739 family protein YdbH,IM,GO:0005886,envelope
ydbj,DUF333 domain-containing protein YdbJ,DUF333 domain-containing protein YdbJ,LPO,GO:0030288,envelope
ydca,protein YdcA,protein YdcA,PE,no ontology,envelope
ydco,putative transport protein YdcO,putative transport protein YdcO,IM,GO:0042925; GO:0042919; GO:0005886; GO:0016021; GO:0016020,envelope
ydcs,putative ABC transporter periplasmic binding protein / polyhydroxybutyrate synthase,"putative transport complex, ABC superfamily",PE,GO:0016746; GO:0016740; GO:0042619; GO:0009290; GO:0030288; GO:0019808; GO:0015846; GO:0042597,envelope
ydcu,putative ABC transporter membrane subunit YdcU,"putative transport complex, ABC superfamily",IM,GO:0005887; GO:0055085; GO:0043190; GO:0005886; GO:0016021; GO:0016020; GO:0006810,envelope
ydcz,putative inner membrane protein,putative inner membrane protein,IM,GO:0005515; GO:0005886; GO:0006928; GO:0016021; GO:0016020,envelope
ydda,ABC transporter family protein YddA,ABC transporter family protein YddA,IM,GO:0055085; GO:0042626; GO:0016887; GO:0005886; GO:0016021; GO:0016020; GO:0006810; GO:0005524; GO:0000166,envelope
yddg,amino acid exporter YddG,amino acid exporter YddG,IM,GO:0006865; GO:0015173; GO:0015171; GO:0032973; GO:0016021; GO:0016020; GO:0005886; GO:0005887,envelope
yddw,putative lipoprotein YddW,putative lipoprotein YddW,LPO,GO:0003824; GO:0030288; GO:0005886; GO:0016020,envelope
ydea,YDEA-MONOMER,YDEA-MONOMER,IM,GO:0034219; GO:0015144; GO:0055085; GO:0005886; GO:0016021; GO:0016020; GO:0008643,envelope
ydee,dipeptide exporter,dipeptide exporter,IM,GO:0015833; GO:0015031; GO:0035442; GO:0071916; GO:0055085; GO:0005886; GO:0016021; GO:0016020,envelope
ydei,BOF family protein YdeI,BOF family protein YdeI,PE,GO:0030288; GO:0044011; GO:0070301,envelope
ydgc,GlpM family protein,GlpM family protein,IM,GO:0005887; GO:0005886; GO:0016021; GO:0016020,envelope
ydgd,putative serine protease YdgD,putative serine protease YdgD,PE,GO:0004252; GO:0016787; GO:0008236; GO:0008233; GO:0006508,envelope
ydgi,putative arginine:ornithine antiporter,putative arginine:ornithine antiporter,IM,GO:0055085; GO:0022857; GO:0005887; GO:0005886; GO:0016021; GO:0016020; GO:0015297; GO:0006865,envelope
ydgk,DUF2569 domain-containing inner membrane protein YdgK,DUF2569 domain-containing inner membrane protein YdgK,IM,GO:0005886; GO:0016021; GO:0016020,envelope
ydhc,putative transporter YdhC,putative transporter YdhC,IM,GO:1990961; GO:0042910; GO:0006855; GO:0005887; GO:0055085; GO:0005886; GO:0016021; GO:0016020,envelope
ydhi,DUF1656 domain-containing protein YdhI,DUF1656 domain-containing protein YdhI,IM,GO:0005886; GO:0016021; GO:0016020,envelope
ydhj,putative membrane fusion protein YdhJ,putative membrane fusion protein YdhJ,IM,GO:0022857; GO:0005887; GO:0005886; GO:0055085; GO:0016021; GO:0016020,envelope
ydhk,putative transporter YdhK,putative transporter YdhK,IM,GO:0055085; GO:0022857; GO:0005886; GO:0016021; GO:0016020,envelope
ydhp,putative transporter YdhP,putative transporter YdhP,IM,GO:0005515; GO:0055085; GO:0005886; GO:0016021; GO:0016020,envelope
ydik,putative transporter YdiK,putative transporter YdiK,IM,GO:0005886; GO:0016021; GO:0016020,envelope
ydin,putative transporter YdiN,putative transporter YdiN,IM,GO:0055085; GO:0005886; GO:0016021; GO:0016020; GO:0015292,envelope
ydiy,acid-inducible putative outer membrane protein YdiY,acid-inducible putative outer membrane protein YdiY,OM,GO:0009279,envelope
ydjm,inner membrane protein YdjM,inner membrane protein YdjM,IM,GO:0006974; GO:0005886; GO:0016021; GO:0016020,envelope
ydjz,DedA family protein YdjZ,DedA family protein YdjZ,IM,GO:0005886; GO:0016021; GO:0016020,envelope
yeal,DUF441 domain-containing inner membrane protein YeaL,DUF441 domain-containing inner membrane protein YeaL,IM,GO:0005887; GO:0005886; GO:0016021; GO:0016020,envelope
yeaq,PF04226 family protein YeaQ,PF04226 family protein YeaQ,IM,GO:0005886; GO:0016021; GO:0016020,envelope
yebq,putative transporter YebQ,putative transporter YebQ,IM,GO:0005887; GO:0055085; GO:0005886; GO:0016021; GO:0016020,envelope
yebs,intermembrane transport protein YebS,intermembrane transport protein YebS,IM,GO:0120009; GO:0046907; GO:0061024; GO:0005887; GO:0009408; GO:0005886; GO:0016021; GO:0016020,envelope
yebz,putative inner membrane protein,putative inner membrane protein,IM,GO:0006825; GO:0005886; GO:0016021; GO:0016020,envelope
yecn,MAPEG family inner membrane protein YecN,MAPEG family inner membrane protein YecN,IM,GO:0005886; GO:0016021; GO:0016020,envelope
yect,protein YecT,protein YecT,PE,no ontology,envelope
yede,putative selenium transporter YedE,putative selenium transporter YedE,IM,GO:0005515; GO:0006810; GO:0005887; GO:0005886; GO:0016021; GO:0016020,envelope
yedi,DUF808 domain-containing inner membrane protein YedI,DUF808 domain-containing inner membrane protein YedI,IM,GO:0005886; GO:0016021; GO:0016020,envelope
yedr,putative inner membrane protein,putative inner membrane protein,IM,GO:0005886; GO:0016021; GO:0016020,envelope
yedv,"sensory histidine kinase HprS - phosphorylated // ""sensory histidine kinase HprS""","sensory histidine kinase HprS - phosphorylated // ""sensory histidine kinase HprS""",IM,GO:0005886; GO:0000160; GO:0023014; GO:0018106; GO:0006468; GO:0005515; GO:0016772; GO:0016740; GO:0016310; GO:0016301; GO:0007165; GO:0000155; GO:0006974; GO:0000166; GO:0004672; GO:0016021; GO:0016020; GO:0005524; GO:0004673,envelope
yeea,putative transporter YeeA,putative transporter YeeA,IM,GO:0055085; GO:0022857; GO:0005886; GO:0016021; GO:0016020,envelope
yeee,inner membrane protein YeeE,inner membrane protein YeeE,IM,GO:0005886; GO:0016021; GO:0016020,envelope
yeeo,FMN/FAD exporter,FMN/FAD exporter,IM,GO:0042910; GO:0042908; GO:0051182; GO:0015833; GO:0015031; GO:0055085; GO:1901264; GO:0071916; GO:0035442; GO:0035350; GO:0044610; GO:0015230; GO:0005887; GO:0015297; GO:0005886; GO:0016021; GO:0016020,envelope
yeer,CP4-44 prophage; inner membrane protein YeeR,CP4-44 prophage; inner membrane protein YeeR,IM,GO:0005886; GO:0016021; GO:0016020,envelope
yegh,inner membrane protein YegH,inner membrane protein YegH,IM,GO:0050660; GO:0005886; GO:0016021; GO:0016020,envelope
yegr,uncharacterized protein YegR,uncharacterized protein YegR,LPO,no ontology,envelope
yegt,putative transporter YegT,putative transporter YegT,IM,GO:0005887; GO:0015858; GO:1901642; GO:0005337; GO:0005886; GO:0016021; GO:0016020,envelope
yegx,putative hydrolase,putative hydrolase,IM,GO:0016998; GO:0009253; GO:0003796; GO:0016798; GO:0016787; GO:0008152,envelope
yehe,DUF2574 domain-containing protein YehE,DUF2574 domain-containing protein YehE,PE,no ontology,envelope
yehr,DUF1307 domain-containing lipoprotein YehR,DUF1307 domain-containing lipoprotein YehR,LPO,GO:0030288; GO:0005886; GO:0016020,envelope
yehu,"BtsS-N-phospho-L-histidine // ""high-affinity pyruvate receptor""","BtsS-N-phospho-L-histidine // ""high-affinity pyruvate receptor""",IM,GO:0005886; GO:0031667; GO:0005515; GO:0033293; GO:0023014; GO:0005887; GO:0018106; GO:0071555; GO:0000155; GO:0004673; GO:0016740; GO:0016310; GO:0016301; GO:0000166; GO:0016021; GO:0016020; GO:0005524; GO:0000160,envelope
yehw,glycine betaine ABC transporter membrane subunit YehW,"glycine betaine ABC transporter, non-osmoregulatory",IM,GO:0055085; GO:0006865; GO:0031460; GO:0055052; GO:0005886; GO:0016021; GO:0016020,envelope
yehy,glycine betaine ABC transporter membrane subunit YehY,"glycine betaine ABC transporter, non-osmoregulatory",IM,GO:0055085; GO:0005515; GO:0006865; GO:0031460; GO:0055052; GO:0005886; GO:0016021; GO:0016020,envelope
yeib,DUF418 domain-containing protein YeiB,DUF418 domain-containing protein YeiB,IM,GO:0005886; GO:0016021; GO:0016020,envelope
yeih,PF03601 family inner membrane protein YeiH,PF03601 family inner membrane protein YeiH,IM,GO:0005886; GO:0016021; GO:0016020,envelope
yeis,DUF2542 domain-containing protein YeiS,DUF2542 domain-containing protein YeiS,IM,GO:0005886; GO:0016021; GO:0016020,envelope
yejb,putative oligopeptide ABC transporter membrane subunit YejB,putative oligopeptide ABC transporter,IM,GO:0035672; GO:0005887; GO:0055085; GO:0005886; GO:0016021; GO:0016020; GO:0043190; GO:0042884,envelope
yeje,putative oligopeptide ABC transporter membrane subunit YejE,putative oligopeptide ABC transporter,IM,GO:0055085; GO:0005887; GO:0035672; GO:0005886; GO:0016021; GO:0016020; GO:0043190; GO:0042884,envelope
yejm,putative cardiolipin transport protein YejM,putative cardiolipin transport protein YejM,IM,GO:0030288; GO:0005887; GO:0055088; GO:0008484; GO:0003824; GO:0005886; GO:0016021; GO:0016020,envelope
yfal,putative autotransporter adhesin YfaL,putative autotransporter adhesin YfaL,OM,GO:0042597; GO:0016787; GO:0016020; GO:0009986; GO:0009279; GO:0008236; GO:0008233; GO:0006508; GO:0005576; GO:0015475; GO:0043709; GO:0009411; GO:0019867,envelope
yfbs,putative transporter YfbS,putative transporter YfbS,IM,GO:0008324; GO:0098655; GO:0055085; GO:0006813; GO:0005886; GO:0016021; GO:0016020,envelope
yfbv,UPF0208 membrane protein YfbV,UPF0208 membrane protein YfbV,IM,GO:2001251; GO:0005886; GO:0016021; GO:0016020,envelope
yfca,putative transporter YfcA,putative transporter YfcA,IM,GO:0005887; GO:0009408; GO:0005886; GO:0016021; GO:0016020,envelope
yfcj,putative transporter YfcJ,putative transporter YfcJ,IM,GO:0022857; GO:0005887; GO:0055085; GO:0005886; GO:0016021; GO:0016020,envelope
yfco,DUF2544 domain-containing protein YfcO,DUF2544 domain-containing protein YfcO,PE,GO:0005829,envelope
yfdc,inner membrane protein YfdC,inner membrane protein YfdC,IM,GO:0055085; GO:0022857; GO:0015724; GO:0015499; GO:0005887; GO:0005886; GO:0016021; GO:0016020,envelope
yfdi,CPS-53 (KpLE1) prophage; serotype-specific glucosyl transferase YfdI,CPS-53 (KpLE1) prophage; serotype-specific glucosyl transferase YfdI,IM,GO:0005886; GO:0016021; GO:0016020,envelope
yfdx,protein YfdX,protein YfdX,PE,GO:0030288,envelope
yfdy,DUF2545 domain-containing protein YfdY,DUF2545 domain-containing protein YfdY,IM,GO:0005886; GO:0016021; GO:0016020,envelope
yfeh,putative solute:Na+ symporter,putative solute:Na+ symporter,IM,GO:0055085; GO:0015293; GO:0005886,envelope
yfek,DUF5329 domain-containing protein YfeK,DUF5329 domain-containing protein YfeK,PE,GO:0005829,envelope
yfeo,putative transport protein YfeO,putative transport protein YfeO,IM,GO:0055085; GO:0005216; GO:1902476; GO:0034220; GO:0006821; GO:0005247; GO:0005886; GO:0016021; GO:0016020; GO:0006811,envelope
yfew,penicillin binding protein 4B,penicillin binding protein 4B,PE,GO:0016787; GO:0016021; GO:0016020; GO:0008233; GO:0005886; GO:0004180; GO:0006508; GO:0030288; GO:0009002; GO:0008658; GO:0031226,envelope
yfez,putative inner membrane protein,putative inner membrane protein,IM,GO:0005886; GO:0016021; GO:0016020,envelope
yfgh,lipoprotein YfgH,lipoprotein YfgH,LPO,GO:0009279; GO:0019867; GO:0005886; GO:0016020,envelope
yfgi,nalidixic acid resistance protein YfgI,nalidixic acid resistance protein YfgI,PE,GO:0005829; GO:0006974,envelope
yfgo,putative transporter YfgO,putative transporter YfgO,IM,GO:0005886; GO:0016021; GO:0016020,envelope
yfhg,outer membrane lipoprotein QseG,outer membrane lipoprotein QseG,LPO,GO:0036405; GO:0030288; GO:0005515; GO:0001932; GO:0070297,envelope
yfib,lipoprotein YfiB,lipoprotein YfiB,OM,GO:0016021; GO:0009279; GO:0005886; GO:0016020,envelope
yfil,DUF2799 domain-containing lipoprotein YfiL,DUF2799 domain-containing lipoprotein YfiL,LPO,no ontology,envelope
yfim,protein YfiM,protein YfiM,LPI,no ontology,envelope
yfir,DUF4154 domain-containing protein YfiR,DUF4154 domain-containing protein YfiR,PE,GO:0042597; GO:0005829; GO:0071978,envelope
yfjd,putative inner membrane protein,putative inner membrane protein,IM,GO:0050660; GO:0005886; GO:0016021; GO:0016020,envelope
yfjs,CP4-57 prophage; inner membrane lipoprotein YfjS,CP4-57 prophage; inner membrane lipoprotein YfjS,LPI,GO:0005886; GO:0016020,envelope
yfjt,CP4-57 prophage; uncharacterized protein YfjT,CP4-57 prophage; uncharacterized protein YfjT,PE,no ontology,envelope
yfjw,CP4-57 prophage; uncharacterized protein YfjW,CP4-57 prophage; uncharacterized protein YfjW,IM,GO:0005886; GO:0016021; GO:0016020,envelope
ygah,"L-valine exporter, YgaH component",L-valine exporter,IM,GO:0005887; GO:1903785; GO:0055085; GO:0005886,envelope
ygap,thiosulfate sulfurtransferase YgaP,thiosulfate sulfurtransferase YgaP,IM,GO:0042803; GO:0005887; GO:0004792; GO:0005886; GO:0016021; GO:0016020,envelope
ygaz,"L-valine exporter, YgaZ component",L-valine exporter,IM,GO:0015562; GO:0005304; GO:0005887; GO:1903785; GO:0055085; GO:0005886; GO:0016021; GO:0016020,envelope
ygbe,DUF3561 domain-containing inner membrane protein YgbE,DUF3561 domain-containing inner membrane protein YgbE,IM,GO:0005886; GO:0016021; GO:0016020,envelope
ygdd,DUF423 domain-containing inner membrane protein YgdD,DUF423 domain-containing inner membrane protein YgdD,IM,GO:0005886; GO:0016021; GO:0016020,envelope
ygdq,UPF0053 inner membrane protein YgdQ,UPF0053 inner membrane protein YgdQ,IM,GO:0005886; GO:0016021; GO:0016020,envelope
ygdr,DUF903 domain-containing lipoprotein YgdR,DUF903 domain-containing lipoprotein YgdR,LPO,GO:0030288; GO:0005886; GO:0016020,envelope
yger,LysM domain-containing putative peptidase lipoprotein YgeR,LysM domain-containing putative peptidase lipoprotein YgeR,LPO,GO:0032153; GO:0009279; GO:0006508; GO:0004222; GO:0001896; GO:0000920; GO:0005886; GO:0016020,envelope
yggt,uncharacterized protein YggT,uncharacterized protein YggT,IM,GO:0071474; GO:0005886; GO:0016021; GO:0016020,envelope
yghb,DedA family protein YghB,DedA family protein YghB,IM,GO:0022857; GO:0055085; GO:0042493; GO:0005887; GO:0005886; GO:0043093; GO:0016021; GO:0016020,envelope
yghd,putative type II secretion system M-type protein YghD,putative type II secretion system M-type protein YghD,IM,GO:0016021; GO:0016020; GO:0015031; GO:0009306; GO:0005886,envelope
yghg,lipoprotein YghG,lipoprotein YghG,LPO,GO:0006974; GO:0009279; GO:0016020,envelope
ygis,putative deoxycholate binding periplasmic protein,putative deoxycholate binding periplasmic protein,PE,GO:1904680; GO:0042886; GO:0015721; GO:0055085; GO:0043190; GO:0030288; GO:0042597,envelope
ygjv,inner membrane protein,inner membrane protein,IM,GO:0016021; GO:0016020; GO:0005886; GO:0005887,envelope
yhah,putative inner membrane protein,putative inner membrane protein,IM,GO:0005886; GO:0016021; GO:0016020,envelope
yhao,putative D/L-serine transporter,putative D/L-serine transporter,IM,GO:0055085; GO:0009093; GO:0006865; GO:1901367; GO:0005886; GO:0016021; GO:0016020; GO:0006810,envelope
yhbe,putative transporter YhbE,putative transporter YhbE,IM,GO:0005886; GO:0016021; GO:0016020,envelope
yhbx,putative hydrolase YhbX,putative hydrolase YhbX,IM,GO:0016772; GO:0016776; GO:0009244; GO:0008484; GO:0003824; GO:0016740; GO:0005886; GO:0016021; GO:0016020,envelope
yhcd,putative fimbrial usher protein YhcD,putative fimbrial usher protein YhcD,OM,GO:0055085; GO:0015473; GO:0009297; GO:0009279; GO:0016021; GO:0016020,envelope
yhcf,DUF1120 domain-containing protein YhcF,DUF1120 domain-containing protein YhcF,PE,GO:0006974,envelope
yhcn,DUF1471 domain-containing stress-induced protein YhcN,DUF1471 domain-containing stress-induced protein YhcN,PE,GO:0005829; GO:0042597; GO:0071468; GO:0070301; GO:0044011,envelope
yhdt,DUF997 domain-containing protein YhdT,DUF997 domain-containing protein YhdT,IM,GO:0005886; GO:0016021; GO:0016020,envelope
yhdv,lipoprotein YhdV,lipoprotein YhdV,LPO,GO:0005886; GO:0016021; GO:0016020,envelope
yhfk,putative transporter YhfK,putative transporter YhfK,IM,GO:0055085; GO:0022857; GO:0005886; GO:0016021; GO:0016020,envelope
yhge,putative transport protein YhgE,putative transport protein YhgE,IM,GO:0005886; GO:0016021; GO:0016020,envelope
yhgn,putative inner membrane protein,putative inner membrane protein,IM,GO:0005887; GO:0005886; GO:0016021; GO:0016020,envelope
yhha,DUF2756 domain-containing protein YhhA,DUF2756 domain-containing protein YhhA,PE,GO:0005515,envelope
yhhj,ABC transporter family protein YhhJ,ABC transporter family protein YhhJ,IM,GO:0055085; GO:0043190; GO:0005886; GO:0016021; GO:0016020; GO:0006810,envelope
yhhl,DUF1145 domain-containing protein YhhL,DUF1145 domain-containing protein YhhL,IM,GO:0005887; GO:0005886,envelope
yhhn,PF07947 family protein YhhN,PF07947 family protein YhhN,IM,GO:0047409; GO:0047408; GO:0005886; GO:0016021; GO:0016020,envelope
yhhq,putative queuosine precursor transporter,putative queuosine precursor transporter,IM,GO:0055085; GO:0022857; GO:0005887; GO:0072531; GO:1990397; GO:0005886; GO:0016021; GO:0016020,envelope
yhhs,putative transporter YhhS,putative transporter YhhS,IM,GO:0022857; GO:0055085; GO:0005887; GO:0005886; GO:0016021; GO:0016020,envelope
yhht,putative transporter YhhT,putative transporter YhhT,IM,GO:0005886; GO:0016021; GO:0016020,envelope
yhid,inner membrane protein YhiD,inner membrane protein YhiD,IM,GO:0005886; GO:0016021; GO:0016020,envelope
yhim,inner membrane protein with a role in acid resistance,inner membrane protein with a role in acid resistance,IM,GO:0016021; GO:0016020; GO:0005886; GO:0071229; GO:0005887,envelope
yhja,cytochrome c peroxidase,cytochrome c peroxidase,PE,GO:0019645; GO:0042743; GO:0005887; GO:0098869; GO:0030288; GO:0020037; GO:0009055; GO:0055114; GO:0046872; GO:0016491; GO:0004601; GO:0004130; GO:0042542,envelope
yhjd,putative transporter YhjD,putative transporter YhjD,IM,GO:0016021; GO:0016020; GO:0005886; GO:0005887; GO:0015920; GO:0006810,envelope
yhjg,AsmA family protein YhjG,AsmA family protein YhjG,IM,GO:0005887; GO:0090313; GO:0005886; GO:0016021; GO:0016020,envelope
yhjv,putative transporter YhjV,putative transporter YhjV,IM,GO:0009314; GO:0003333; GO:0005886; GO:0016021; GO:0016020,envelope
yhjy,protein YhjY,protein YhjY,OM,GO:0005576; GO:0019867,envelope
yiat,outer membrane protein YiaT,outer membrane protein YiaT,OM,GO:0030674; GO:0009252; GO:0009279; GO:0016020,envelope
yibh,inner membrane protein YibH,inner membrane protein YibH,IM,GO:0022857; GO:0016020; GO:0055085; GO:0006974; GO:0005886; GO:0016021,envelope
yibi,DUF3302 domain-containing protein YibI,DUF3302 domain-containing protein YibI,IM,GO:0005886,envelope
yibq,divergent polysaccharide deacetylase domain-containing protein YibQ,divergent polysaccharide deacetylase domain-containing protein YibQ,PE,GO:0005975; GO:0003824,envelope
yicg,PF03458 family inner membrane protein YicG,PF03458 family inner membrane protein YicG,IM,GO:0005886; GO:0016021; GO:0016020,envelope
yicl,putative transporter YicL,putative transporter YicL,IM,GO:0005886; GO:0016021; GO:0016020,envelope
yide,putative transport protein YidE,putative transport protein YidE,IM,GO:0055085; GO:0022857; GO:0008324; GO:0098655; GO:0006813; GO:0005886; GO:0016021; GO:0016020,envelope
yidg,inner membrane protein YidG,inner membrane protein YidG,IM,GO:0005886; GO:0016021; GO:0016020,envelope
yidh,DUF202 domain-containing inner membrane protein YidH,DUF202 domain-containing inner membrane protein YidH,IM,GO:0006979; GO:0005886; GO:0016021; GO:0016020,envelope
yidi,putative inner membrane protein,putative inner membrane protein,IM,GO:0005886; GO:0016021; GO:0016020,envelope
yidq,DUF1375 domain-containing putative lipoprotein YidQ,DUF1375 domain-containing putative lipoprotein YidQ,LPI,GO:0006974,envelope
yiel,putative hydrolase YieL,putative hydrolase YieL,PE,GO:0005975; GO:0004553,envelope
yifk,putative transporter YifK,putative transporter YifK,IM,GO:0055085; GO:0022857; GO:0005887; GO:0005886; GO:0016021; GO:0016020; GO:0006865,envelope
yige,DUF2233 domain-containing protein YigE,DUF2233 domain-containing protein YigE,PE,no ontology,envelope
yigf,DUF2628 domain-containing protein YigF,DUF2628 domain-containing protein YigF,IM,GO:0005886,envelope
yigm,biotin transporter,biotin transporter,IM,GO:0015826; GO:0015565; GO:0005887; GO:0015878; GO:0015225; GO:0005886; GO:0016021; GO:0016020,envelope
yihg,putative acyltransferase YihG,putative acyltransferase YihG,IM,GO:0005887; GO:0005886; GO:0016740; GO:0016021; GO:0016020; GO:0016746,envelope
yihn,putative transporter YihN,putative transporter YihN,IM,GO:0031224; GO:0022857; GO:0055085; GO:0005886; GO:0016021; GO:0016020,envelope
yihy,PF03631 family membrane protein YihY,PF03631 family membrane protein YihY,IM,GO:0005887; GO:0005886; GO:0016021; GO:0016020,envelope
yiir,DUF805 domain-containing protein YiiR,DUF805 domain-containing protein YiiR,IM,GO:0005886; GO:0016021,envelope
yiix,putative lipid binding hydrolase,putative lipid binding hydrolase,PE,no ontology,envelope
yijd,DUF1422 domain-containing inner membrane protein YijD,DUF1422 domain-containing inner membrane protein YijD,IM,GO:0005886; GO:0016021; GO:0016020,envelope
yije,cystine exporter,cystine exporter,IM,GO:0003333; GO:0005887; GO:0000101; GO:0000099; GO:0055085; GO:0022857; GO:0005886; GO:0016021; GO:0016020,envelope
yjbb,putative inorganic phosphate export protein YjbB,putative inorganic phosphate export protein YjbB,IM,GO:0044341; GO:0015321; GO:0005887; GO:0035435; GO:0005315; GO:0005886; GO:0016021; GO:0016020,envelope
yjcb,uncharacterized protein YjcB,uncharacterized protein YjcB,IM,no ontology,envelope
yjce,putative transporter YjcE,putative transporter YjcE,IM,GO:0098656; GO:0005623; GO:0098719; GO:0071805; GO:0051453; GO:0015386; GO:0015385; GO:0006812; GO:1902600; GO:0055085; GO:0015299; GO:0005886; GO:0016021; GO:0016020; GO:0015297; GO:0006814; GO:0006811,envelope
yjco,Sel1 repeat-containing protein YjcO,Sel1 repeat-containing protein YjcO,PE,GO:0043085; GO:0008047,envelope
yjdf,DUF2238 domain-containing inner membrane protein YjdF,DUF2238 domain-containing inner membrane protein YjdF,IM,GO:0005886; GO:0016021; GO:0016020,envelope
yjeh,L-methionine/branched chain amino acid exporter,L-methionine/branched chain amino acid exporter,IM,GO:0055085; GO:0022857; GO:0006865; GO:1903714; GO:0015820; GO:1903785; GO:0015821; GO:0000102; GO:0005294; GO:0071230; GO:0015179; GO:0005887; GO:0005886; GO:0016021; GO:0016020,envelope
yjem,putative transporter YjeM,putative transporter YjeM,IM,GO:0055085; GO:0022857; GO:0005886; GO:0016021; GO:0016020,envelope
yjet,DUF2065 domain-containing protein YjeT,DUF2065 domain-containing protein YjeT,IM,GO:0005886; GO:0016021; GO:0016020,envelope
yjff,galactofuranose ABC transporter putative membrane subunit YjtF,galactofuranose ABC transporter,IM,GO:0022857; GO:0055085; GO:0005887; GO:0015399; GO:0043190; GO:0005886; GO:0016021; GO:0016020,envelope
yjfn,protease activator,protease activator,PE,GO:0010950; GO:0061133; GO:0042597,envelope
yjgn,inner membrane protein YjgN,inner membrane protein YjgN,IM,GO:0005886; GO:0016021; GO:0016020,envelope
yjhb,putative sialic acid transporter,putative sialic acid transporter,IM,GO:0055085; GO:0005886; GO:0016021; GO:0016020,envelope
yjij,putative transporter YjiJ,putative transporter YjiJ,IM,GO:0005886; GO:0016021; GO:0016020,envelope
yjik,uncharacterized protein YjiK,uncharacterized protein YjiK,IM,GO:0005887; GO:0005886; GO:0016021; GO:0016020,envelope
yjin,DUF445 domain-containing protein YjiN,DUF445 domain-containing protein YjiN,IM,GO:0005886; GO:0016021; GO:0016020,envelope
yjiy,pyruvate:H+ symporter,pyruvate:H+ symporter,IM,GO:0015293; GO:0042802; GO:0005515; GO:0006849; GO:0005477; GO:0031669; GO:0005887; GO:0009267; GO:0006974; GO:0005886; GO:0016021; GO:0016020,envelope
yjjb,putative succinate exporter YjjB,putative succinate exporter YjjB,IM,GO:0005887; GO:0015744; GO:1901652; GO:0006970; GO:0005886; GO:0016021; GO:0016020,envelope
yjjp,putative succinate exporter YjjP,putative succinate exporter YjjP,IM,GO:0005887; GO:0015744; GO:0005886; GO:0016021; GO:0016020,envelope
ykfb,CP4-6 prophage; protein YkfB,CP4-6 prophage; protein YkfB,PE,no ontology,envelope
ykgj,putative zinc- or iron-chelating domain-containing protein YkgJ,putative zinc- or iron-chelating domain-containing protein YkgJ,PE,GO:0055114; GO:0051536; GO:0046872,envelope
ylac,putative inner membrane protein,putative inner membrane protein,IM,GO:0005886; GO:0016021; GO:0016020,envelope
ylii,aldose sugar dehydrogenase YliI,aldose sugar dehydrogenase YliI,PE,GO:0016020; GO:0009279; GO:0046872; GO:0016491; GO:0003824; GO:0016901; GO:0070968; GO:0055114; GO:0005509; GO:0030288,envelope
ymba,intermembrane transport lipoprotein PqiC,intermembrane transport lipoprotein PqiC,IM,GO:0009279; GO:0120009; GO:0046907; GO:0061024; GO:0042802; GO:0005515; GO:0036406; GO:0030288; GO:0016020,envelope
ymfe,e14 prophage; uncharacterized protein YmfE,e14 prophage; uncharacterized protein YmfE,IM,GO:0005886; GO:0016021; GO:0016020,envelope
ymge,PF04226 family protein YmgE,PF04226 family protein YmgE,IM,GO:0005886; GO:0016021; GO:0016020,envelope
ymgf,inner membrane protein YmgF,inner membrane protein YmgF,IM,GO:0000935; GO:0016020; GO:0005886; GO:0005515; GO:0016021; GO:0007049; GO:0051301,envelope
ynai,small conductance mechanosensitive channel YnaI,small conductance mechanosensitive channel YnaI,IM,GO:0042802; GO:0055085; GO:0071470; GO:0005887; GO:0005886; GO:0008381; GO:0006811; GO:0016021; GO:0016020,envelope
ynaj,DUF2534 domain-containing protein YnaJ,DUF2534 domain-containing protein YnaJ,IM,GO:0005886; GO:0016021; GO:0016020,envelope
ynbd,phosphatase domain-containing protein YnbD,phosphatase domain-containing protein YnbD,IM,GO:0035335; GO:0005515; GO:0016791; GO:0016311; GO:0004725; GO:0005886; GO:0016021; GO:0016020; GO:0008138; GO:0006470,envelope
ynbe,lipoprotein YnbE,lipoprotein YnbE,LPO,GO:0005829,envelope
yncj,protein YncJ,protein YncJ,PE,GO:0005829,envelope
ynee,PF01062 family inner membrane protein YneE,PF01062 family inner membrane protein YneE,IM,GO:0005886; GO:0016021; GO:0016020; GO:0006928,envelope
ynfa,putative transporter YnfA,putative transporter YnfA,IM,GO:0016021; GO:0016020; GO:0005886; GO:0005887,envelope
ynfe,putative selenate reductase YnfE,selenate reductase,IM,GO:0009061; GO:0043546; GO:0022900; GO:0030288; GO:0016491; GO:0005515; GO:0030151; GO:0009389; GO:0009055; GO:0033797; GO:0055114; GO:0005886; GO:0051539; GO:0051536; GO:0046872; GO:0016020,envelope
ynff,putative selenate reductase YnfF,selenate reductase,IM,GO:0009061; GO:0043546; GO:0022900; GO:0030288; GO:0016491; GO:0005515; GO:0030151; GO:0009389; GO:0009055; GO:0033797; GO:0055114; GO:0005886; GO:0051539; GO:0051536; GO:0046872; GO:0016020,envelope
ynfh,putative menaquinol dehydrogenase,selenate reductase,IM,GO:0009390; GO:0009389; GO:0009061; GO:0019645; GO:0055114; GO:0005886; GO:0016491; GO:0016021; GO:0016020,envelope
ynfm,putative transporter YnfM,putative transporter YnfM,IM,GO:0022857; GO:0055085; GO:0005886; GO:0016021; GO:0016020,envelope
ynib,uncharacterized protein YniB,uncharacterized protein YniB,IM,GO:0005886; GO:0016021; GO:0016020,envelope
ynjc,putative ABC transporter membrane subunit YnjC,"putative transport complex, ABC superfamily",IM,GO:0055085; GO:0043190; GO:0005886; GO:0016021; GO:0016020; GO:0006810,envelope
ynjf,CDP-alcohol phosphatidyltransferase domain-containing protein YnjF,CDP-alcohol phosphatidyltransferase domain-containing protein YnjF,IM,GO:0016780; GO:0008654; GO:0005886; GO:0016740; GO:0016021; GO:0016020,envelope
ynji,DUF1266 domain-containing protein YnjI,DUF1266 domain-containing protein YnjI,IM,GO:0005886; GO:0016021; GO:0016020,envelope
yoae,putative inner membrane protein,putative inner membrane protein,IM,GO:0050660; GO:0005886; GO:0016021; GO:0016020,envelope
yoaf,DUF333 domain-containing lipoprotein YoaF,DUF333 domain-containing lipoprotein YoaF,LPO,no ontology,envelope
yoba,CopC domain-containing protein,CopC domain-containing protein,PE,GO:0006825; GO:0030288; GO:0046688; GO:0005507; GO:0046872; GO:0042597,envelope
yobd,DUF986 domain-containing inner membrane protein YobD,DUF986 domain-containing inner membrane protein YobD,IM,GO:0005886; GO:0016021; GO:0016020,envelope
yodb,putative cytochrome,putative cytochrome,IM,GO:0020037; GO:0009055; GO:0055114; GO:0022904; GO:0005886; GO:0046872; GO:0016021; GO:0016020,envelope
yohc,putative inner membrane protein,putative inner membrane protein,IM,GO:0006974; GO:0005886; GO:0016021; GO:0016020,envelope
yohd,DedA family protein YohD,DedA family protein YohD,IM,GO:0005886; GO:0043093; GO:0016021; GO:0016020,envelope
yohj,PF03788 family membrane protein YohJ,PF03788 family membrane protein YohJ,IM,GO:0005886; GO:0016021; GO:0016020,envelope
yohk,PF04712 family membrane protein YohK,PF04712 family membrane protein YohK,IM,GO:0005886; GO:0016021; GO:0016020,envelope
yoho,UPF0387 family protein YohO,UPF0387 family protein YohO,IM,GO:0005887; GO:0016021; GO:0016020; GO:0005886,envelope
yoji,ABC transporter family protein / microcin J25 efflux protein,ABC transporter family protein / microcin J25 efflux protein,IM,GO:0055085; GO:0043190; GO:0042626; GO:0015833; GO:0016887; GO:0042884; GO:0005886; GO:0046677; GO:0016021; GO:0016020; GO:1904680; GO:0005524; GO:0000166,envelope
ypda,"PyrS-N-phospho-L-histidine // ""sensor histidine kinase PyrS""","PyrS-N-phospho-L-histidine // ""sensor histidine kinase PyrS""",IM,GO:0005886; GO:0042802; GO:0005515; GO:0000160; GO:0018106; GO:0016740; GO:0016310; GO:0016301; GO:0071555; GO:0000166; GO:0005887; GO:0031670; GO:0005524; GO:0004673; GO:0000155; GO:0023014; GO:0016021; GO:0016020,envelope
ypec,DUF2502 domain-containing protein YpeC,DUF2502 domain-containing protein YpeC,PE,GO:0005829,envelope
ypfn,UPF0370 protein YpfN,UPF0370 protein YpfN,IM,GO:0005887; GO:0016021; GO:0016020; GO:0005886,envelope
ypha,putative inner membrane protein,putative inner membrane protein,IM,GO:0005886; GO:0016021; GO:0016020,envelope
yphf,putative ABC transporter periplasmic binding protein YphF,"putative transport complex, ABC superfamily",PE,GO:0030288; GO:0042597; GO:0006810,envelope
ypja,adhesin-like autotransporter YpjA,adhesin-like autotransporter YpjA,OM,GO:0005576; GO:0019867; GO:0009279; GO:0016021; GO:0016020,envelope
ypjd,cytochrome c assembly family protein,cytochrome c assembly family protein,IM,GO:0017004; GO:0020037; GO:0005886; GO:0016021; GO:0016020,envelope
yqaa,DedA family protein YqaA,DedA family protein YqaA,IM,GO:0005886; GO:0006928; GO:0016021; GO:0016020,envelope
yqae,Pmp3 family protein YqaE,Pmp3 family protein YqaE,IM,GO:0046677; GO:0005886; GO:0016021; GO:0016020,envelope
yqeg,putative transporter YqeG,putative transporter YqeG,IM,GO:0003333; GO:0005886; GO:0016021; GO:0016020,envelope
yqfa,hemolysin-III family protein YqfA,hemolysin-III family protein YqfA,IM,GO:0019835; GO:0005886; GO:0016021; GO:0016020,envelope
yqga,DUF554 domain-containing protein YqgA,DUF554 domain-containing protein YqgA,IM,GO:0005886; GO:0016021; GO:0016020,envelope
yqha,uncharacterized protein YqhA,uncharacterized protein YqhA,IM,GO:0005886; GO:0016021; GO:0016020,envelope
yqja,DedA family protein YqjA,DedA family protein YqjA,IM,GO:0055085; GO:0022857; GO:0042493; GO:0005887; GO:0005886; GO:0043093; GO:0016021; GO:0016020,envelope
yqje,inner membrane protein YqjE,inner membrane protein YqjE,IM,GO:0005886; GO:0016021; GO:0016020,envelope
yqjf,DoxX family protein,DoxX family protein,IM,GO:0005886; GO:0016021; GO:0016020,envelope
yraq,permease family protein YraQ,permease family protein YraQ,IM,GO:0016021; GO:0016020; GO:0005886,envelope
yrbg,putative transport protein YrbG,putative transport protein YrbG,IM,GO:0098656; GO:0071805; GO:0070588; GO:0005623; GO:0035725; GO:0008273; GO:0006874; GO:0005262; GO:0016021; GO:0016020; GO:0005886; GO:0022857; GO:0005887; GO:0055085,envelope
yrff,inner membrane protein IgaA,inner membrane protein IgaA,IM,GO:0005515; GO:0005887; GO:0009276; GO:0005886; GO:0016021; GO:0016020,envelope
ysab,putative lipoprotein YsaB,putative lipoprotein YsaB,LPO,GO:0016020; GO:0005886,envelope
ytff,inner membrane protein YtfF,inner membrane protein YtfF,IM,GO:0005886; GO:0016021; GO:0016020,envelope
ytfj,protein YtfJ,protein YtfJ,PE,GO:0042597,envelope
ytfl,putative inner membrane protein,putative inner membrane protein,IM,GO:0050660; GO:0005886; GO:0016021; GO:0016020,envelope
ytft,galactofuranose ABC transporter putative membrane subunit YtfT,galactofuranose ABC transporter,IM,GO:0022857; GO:0005515; GO:0015399; GO:0055085; GO:0005887; GO:0043190; GO:0005886; GO:0016021; GO:0016020,envelope
ytja,DUF1328 domain-containing protein YtjA,DUF1328 domain-containing protein YtjA,IM,GO:0016021; GO:0016020; GO:0005886,envelope
ytjb,protein Smp,protein Smp,IM,GO:0005887; GO:0016021; GO:0005886; GO:0016020,envelope
zitb,Zn2+/Cd2+/Ni2+/Cu2+ exporter,Zn2+/Cd2+/Ni2+/Cu2+ exporter,IM,GO:0055085; GO:0006812; GO:0098655; GO:0071577; GO:0008324; GO:0005385; GO:0005886; GO:0016021; GO:0016020; GO:0006829; GO:0006811,envelope
znta,Zn2+/Cd2+/Pb2+ exporting P-type ATPase,Zn2+/Cd2+/Pb2+ exporting P-type ATPase,IM,GO:0098655; GO:0015086; GO:0005385; GO:0006811; GO:0006812; GO:0071577; GO:0070574; GO:0035444; GO:0030001; GO:0019829; GO:0016787; GO:0016020; GO:0016887; GO:0006829; GO:0005524; GO:0000166; GO:0015094; GO:0015087; GO:0015099; GO:0006824; GO:0015692; GO:0046686; GO:0010312; GO:0005886; GO:0046872; GO:0016021; GO:0008551; GO:0016463,envelope
znub,Zn2+ ABC transporter membrane subunit,Zn<sup>2+</sup> ABC transporter,IM,GO:0071578; GO:0000006; GO:0043190; GO:0005887; GO:0010043; GO:0055085; GO:0042626; GO:0005886; GO:0016021; GO:0016020; GO:0006829; GO:0006811,envelope
zrap,signaling pathway modulator ZraP,signaling pathway modulator ZraP,PE,GO:0042802; GO:0036460; GO:0005507; GO:0016151; GO:0050897; GO:0030288; GO:0042597; GO:0008270,envelope
zras,"ZraS-N-phospho-L-histidine // ""sensor histidine kinase ZraS""","ZraS-N-phospho-L-histidine // ""sensor histidine kinase ZraS""",IM,GO:0000160; GO:0000155; GO:0023014; GO:0036460; GO:0007165; GO:0018106; GO:0016772; GO:0016740; GO:0016310; GO:0016301; GO:0016021; GO:0016020; GO:0005886; GO:0004673; GO:0071294; GO:0071284; GO:0046777; GO:0005887; GO:0000166; GO:0005524,envelope
zupt,heavy metal divalent cation transporter ZupT,heavy metal divalent cation transporter ZupT,IM,GO:0071577; GO:0035434; GO:0034755; GO:0005385; GO:0071421; GO:0055085; GO:0046873; GO:0030001; GO:0016020; GO:0006811; GO:0006829; GO:0070574; GO:0015086; GO:0005886; GO:0016021; GO:0015093; GO:0005375; GO:0015087; GO:0006824; GO:0005384,envelope
